HPI rank;Country;ISO;Continent;Unnamed: 4;Population (thousands);Year;LifeExp (years);Ladder of life (0-10);Footprint (g ha);HPI;Biocapacity for year (g ha);GDP per capita ($)
146;Afghanistan;AFG;6;2019AFG;38041.757;2019;64.8;2.375091791;0.732091747;29.40920321;1.56;2065.036398
36;Albania;ALB;7;2019ALB;2880.913;2019;78.6;4.995317936;1.953726297;51.03309375;1.56;13724.05879
62;Algeria;DZA;4;2019DZA;43053.054;2019;76.9;4.744627476;2.22316038;46.48894951;1.56;11510.55709
43;Argentina;ARG;1;2019ARG;44780.675;2019;76.7;6.085560799;3.191470119;49.98872592;1.56;22063.90437
20;Armenia;ARM;7;2019ARM;2957.728;2019;75.1;5.4880867;1.521645531;54.73393391;1.56;13653.74953
88;Australia;AUS;2;2019AUS;25203.2;2019;83.4;7.233994961;7.525196181;43.11437338;1.56;49609.04403
59;Austria;AUT;3;2019AUT;8955.108;2019;81.5;7.195361137;6.05452653;46.81302886;1.56;56011.61122
50;Azerbaijan;AZE;7;2019AZE;10047.719;2019;73;5.173389435;1.968940748;48.03454046;1.56;14402.46386
139;Bahrain;BHR;4;2019BHR;1641.164;2019;77.3;7.098012447;9.796565318;33.5929738;1.56;45010.7115
22;Bangladesh;BGD;6;2019BGD;163046.173;2019;72.6;5.114216805;0.875011257;54.46704074;1.56;4753.726947
89;Belarus;BLR;7;2019BLR;9452.409;2019;74.8;5.821453094;4.110974951;42.88780952;1.56;19249.28548
92;Belgium;BEL;3;2019BEL;11539.326;2019;81.6;6.772138119;6.694853717;42.53497245;1.56;51830.74647
99;Benin;BEN;5;2019BEN;11801.151;2019;61.8;4.976360798;1.388341424;41.37151967;1.56;3287.309538
127;Bhutan;BTN;6;2019BTN;763.094;2019;71.8;5.196599483;4.387431921;36.67282917;1.56;11832.18926
75;Bolivia;BOL;1;2019BOL;11513.102;2019;71.5;5.67427063;2.940349746;44.99913781;1.56;8724.475702
54;Bosnia and Herzegovina;BIH;7;2019BIH;3300.998;2019;77.4;6.01552248;3.648305094;47.78103944;1.56;14922.14851
142;Botswana;BWA;5;2019BWA;2303.703;2019;69.6;3.471084833;2.661163058;31.85112214;1.56;17766.53897
21;Brazil;BRA;1;2019BRA;211049.519;2019;75.9;6.451148987;2.679416288;54.56892235;1.56;14651.61618
106;Bulgaria;BGR;7;2019BGR;7000.117;2019;75;5.108438015;3.832988495;40.13077545;1.56;23265.62327
98;Burkina Faso;BFA;5;2019BFA;20321.383;2019;61.6;4.740892887;1.056987637;41.53829397;1.56;2178.323415
121;Burundi;BDI;5;2019BDI;11530.577;2019;61.6;3.775283098;0.592674199;37.69524004;1.56;751.6639572
51;Cambodia;KHM;8;2019KHM;16486.542;2019;69.8;4.998284817;1.364666284;47.96745103;1.56;4388.800909
108;Cameroon;CMR;5;2019CMR;25876.387;2019;59.3;4.936737537;1.244285448;39.90883236;1.56;3642.277258
105;Canada;CAN;2;2019CAN;37411.038;2019;82.4;7.1090765;8.145413732;40.18359249;1.56;48881.39675
150;Central African Republic;CAF;5;2019CAF;4745.179;2019;53.3;3.08446157;1.20802659;25.21146334;1.56;944.8680935
145;Chad;TCD;5;2019TCD;15946.882;2019;54.2;4.250799179;1.671389473;30.36278983;1.56;1579.626695
67;Chile;CHL;1;2019CHL;18952.035;2019;80.2;5.942250252;4.443800777;45.64123987;1.56;25131.46476
94;China;CHN;8;2019CHN;1433783.692;2019;76.9;5.144120216;3.737106216;41.88879499;1.56;16092.30077
3;Colombia;COL;1;2019COL;50339.443;2019;77.3;6.350297928;1.904750865;60.1651675;1.56;14624.9713
93;Comoros;COM;5;2019COM;850.891;2019;64.3;4.608616352;1.121470201;42.43860389;1.56;3059.509705
56;Congo (Brazzaville);COG;5;2019COG;5380.504;2019;64.6;5.212622643;1.048699638;47.15744747;1.56;3673.117827
104;Congo (Kinshasa);COD;5;2019COD;86790.568;2019;60.7;4.416484356;0.73384215;40.52924206;1.56;1097.948853
1;Costa Rica;CRI;1;2019CRI;5047.561;2019;80.3;6.997618675;2.648522266;62.05755177;1.56;20296.8215
111;Cote d'Ivoire;CIV;5;2019CIV;25716.554;2019;57.8;5.392012119;1.579017311;39.64587173;1.56;5212.556048
65;Croatia;HRV;7;2019HRV;4130.299;2019;78.5;5.625743866;3.641389841;46.20843547;1.56;28845.29047
45;Cyprus;CYP;3;2019CYP;1198.574;2019;81;6.136832714;3.974458505;49.4183661;1.56;39544.68185
58;Czech Republic;CZE;7;2019CZE;10689.213;2019;79.4;6.965628386;5.400431879;46.8144963;1.56;40828.05984
70;Denmark;DNK;3;2019DNK;5771.877;2019;80.9;7.693003178;7.047285091;45.32635001;1.56;57862.27828
19;Dominican Republic;DOM;1;2019DOM;10738.957;2019;74.1;6.004237175;1.927028471;54.84726134;1.56;18412.89827
5;Ecuador;ECU;1;2019ECU;17373.657;2019;77;5.809131145;1.507072768;58.83121306;1.56;11375.33118
86;Egypt;EGY;4;2019EGY;100388.076;2019;72;4.327831745;1.670407029;43.17843848;1.56;11763.25364
13;El Salvador;SLV;1;2019SLV;6453.55;2019;73.3;6.454820633;2.06497864;56.32657529;1.56;8775.98652
133;Estonia;EST;7;2019EST;1325.649;2019;78.8;6.034641266;7.849581202;34.44290255;1.56;36947.70613
130;Eswatini;SWZ;5;2019SWZ;1148.133;2019;60.2;4.396114826;1.670769722;35.34532956;1.56;8621.826595
96;Ethiopia;ETH;5;2019ETH;112078.727;2019;66.6;4.099555016;0.941089192;41.72822439;1.56;2221.404605
33;Finland;FIN;3;2019FIN;5532.159;2019;81.9;7.780347824;5.758156194;51.2716938;1.56;48802.8881
31;France;FRA;3;2019FRA;65129.731;2019;82.7;6.689644337;4.409367891;51.81547019;1.56;46112.95795
109;Gabon;GAB;5;2019GAB;2172.578;2019;66.5;4.914393425;2.323540263;39.86493361;1.56;14950.0702
78;Georgia;GEO;7;2019GEO;3996.762;2019;73.8;4.89183569;2.428397442;44.2727762;1.56;14993.12044
29;Germany;DEU;3;2019DEU;83517.046;2019;81.3;7.035472393;4.437431497;52.73131728;1.56;53810.56545
113;Ghana;GHA;5;2019GHA;30417.858;2019;64.1;4.96680975;2.095714691;39.52473405;1.56;5412.628122
47;Greece;GRC;3;2019GRC;10473.452;2019;82.2;5.952157497;4.035081313;48.81002762;1.56;30463.04105
8;Guatemala;GTM;1;2019GTM;17581.476;2019;74.3;6.262175083;1.772629006;57.87555297;1.56;8637.464165
120;Guinea;GIN;5;2019GIN;12771.246;2019;61.6;4.76768446;1.770611073;38.06100367;1.56;2562.082921
119;Haiti;HTI;1;2019HTI;11263.079;2019;64;3.614928007;0.618312421;38.19941901;1.56;2905.439081
9;Honduras;HND;1;2019HND;9746.115;2019;75.3;5.930051327;1.580107488;57.73411068;1.56;5727.973572
138;Hong Kong;HKG;8;2019HKG;7436.157;2019;84.9;5.659317017;8.601888167;33.8906582;1.56;59847.55428
69;Hungary;HUN;7;2019HUN;9684.68;2019;76.9;6.000259876;4.067559062;45.44647998;1.56;32639.5083
52;Iceland;ISL;3;2019ISL;339.037;2019;83;7.532504559;6.455306668;47.95688519;1.56;55699.71639
128;India;IND;6;2019IND;1366417.756;2019;69.7;3.24876976;1.219981627;36.37213182;1.56;6700.062225
44;Indonesia;IDN;8;2019IDN;270625.567;2019;71.7;5.346512794;1.735159206;49.59797812;1.56;11812.19764
84;Iran;IRN;4;2019IRN;82913.893;2019;76.7;5.006145954;3.115897585;43.632488;1.56;12389.22159
71;Iraq;IRQ;4;2019IRQ;39309.789;2019;70.6;4.835783005;1.736921221;45.27885667;1.56;10881.17209
35;Ireland;IRL;3;2019IRL;4882.498;2019;82.3;7.254841328;5.196829053;51.14850813;1.56;86826.3351
49;Israel;ISR;4;2019ISR;8519.373;2019;83;7.331779957;6.11135185;48.24342147;1.56;40200.28742
40;Italy;ITA;3;2019ITA;60550.092;2019;83.5;6.445416927;4.453128053;50.69761829;1.56;42416.41671
7;Jamaica;JAM;1;2019JAM;2948.277;2019;74.5;6.309238911;1.840191003;57.90362846;1.56;9761.498522
57;Japan;JPN;8;2019JPN;126860.299;2019;84.6;5.908039093;4.710935754;47.06372618;1.56;41667.1791
83;Jordan;JOR;4;2019JOR;10101.697;2019;74.5;4.452548027;2.030631176;43.85457626;1.56;10071.38287
118;Kazakhstan;KAZ;7;2019KAZ;18551.428;2019;73.6;6.272268295;5.718624171;38.64493232;1.56;26351.80444
72;Kenya;KEN;5;2019KEN;52573.967;2019;66.7;4.618850231;0.987102409;45.18295778;1.56;4329.87139
140;Kuwait;KWT;4;2019KWT;4207.077;2019;75.5;6.106119633;7.765422422;33.32497187;1.56;49853.57645
25;Kyrgyzstan;KGZ;7;2019KGZ;6415.851;2019;71.5;5.685220718;1.439890394;53.70421002;1.56;5253.667034
90;Laos;LAO;8;2019LAO;7169.456;2019;67.9;5.196856022;2.275418923;42.78420143;1.56;7826.388595
136;Latvia;LVA;7;2019LVA;1906.74;2019;75.3;5.969753742;7.151485607;34.14497266;1.56;30965.45186
116;Lebanon;LBN;4;2019LBN;6855.709;2019;78.9;4.024219513;3.051294827;38.99983124;1.56;14551.58522
149;Lesotho;LSO;5;2019LSO;2125.267;2019;54.3;3.5117805;1.453869813;27.30855036;1.56;2704.415261
66;Liberia;LBR;5;2019LBR;4937.374;2019;64.1;5.121460915;1.065146506;46.0225342;1.56;1427.81909
91;Libya;LBY;4;2019LBY;6777.453;2019;72.9;5.33022213;3.208879734;42.68543403;1.56;15174.16475
125;Lithuania;LTU;7;2019LTU;2759.631;2019;75.9;6.064097881;6.418018228;36.85726815;1.56;37181.00294
143;Luxembourg;LUX;3;2019LUX;615.73;2019;82.3;7.404015541;12.58940703;31.72336953;1.56;114304.0442
80;Madagascar;MDG;5;2019MDG;26969.306;2019;67;4.339087486;0.86518582;44.1806548;1.56;1647.02116
117;Malawi;MWI;5;2019MWI;18628.749;2019;64.3;3.869123697;0.8931181;38.70654232;1.56;1059.72349
95;Malaysia;MYS;8;2019MYS;31949.789;2019;76.2;5.427954197;4.06984805;41.74073777;1.56;28364.48697
114;Mali;MLI;5;2019MLI;19658.023;2019;59.3;4.98799181;1.414121906;39.34192686;1.56;2321.594445
85;Malta;MLT;3;2019MLT;440.377;2019;82.5;6.73297739;6.501664888;43.5028292;1.56;43585.36486
132;Mauritania;MRT;5;2019MRT;4525.698;2019;64.9;4.152619362;2.244926551;34.66241836;1.56;5197.074547
32;Mauritius;MUS;5;2019MUS;1269.67;2019;75;6.241165161;2.851947239;51.52077767;1.56;22870.28625
23;Mexico;MEX;1;2019MEX;127575.529;2019;75;6.431945324;2.578322892;54.33059101;1.56;19765.91608
37;Moldova;MDA;7;2019MDA;4043.258;2019;71.9;5.803450584;2.041505872;50.96889516;1.56;13022.0046
151;Mongolia;MNG;8;2019MNG;3225.166;2019;69.9;5.562905312;10.08471331;24.46703662;1.56;12316.78755
101;Montenegro;MNE;7;2019MNE;627.988;2019;76.9;5.386024952;4.222767782;41.33038029;1.56;21602.69568
39;Morocco;MAR;4;2019MAR;36471.766;2019;76.7;5.056751728;1.822641984;50.87309546;1.56;7514.720881
79;Mozambique;MOZ;5;2019MOZ;30366.043;2019;60.9;4.932132721;0.720906458;44.18803798;1.56;1281.391836
107;Myanmar;MMR;8;2019MMR;54045.422;2019;67.1;4.43423748;1.751745181;40.04479079;1.56;5142.154166
126;Namibia;NAM;5;2019NAM;2494.524;2019;63.7;4.435811043;1.94275258;36.80911639;1.56;9637.180351
27;Nepal;NPL;6;2019NPL;28608.715;2019;70.8;5.448724747;1.202942693;53.05560432;1.56;3416.791282
18;Netherlands;NLD;3;2019NLD;17097.123;2019;82.3;7.42526865;4.593482329;54.94941705;1.56;56809.96717
11;New Zealand;NZL;2;2019NZL;4783.062;2019;82.3;7.205174446;3.873951708;57.43448131;1.56;43148.44605
16;Nicaragua;NIC;1;2019NIC;6545.503;2019;74.5;6.112545013;2.03830319;55.19364394;1.56;5407.1207
100;Niger;NER;5;2019NER;23310.719;2019;62.4;5.003544331;1.51281053;41.35091295;1.56;1224.510472
137;Nigeria;NGA;5;2019NGA;200963.603;2019;54.7;4.356419086;0.992864564;34.13821364;1.56;5135.499571
82;North Macedonia;MKD;7;2019MKD;2083.458;2019;75.8;5.015485287;2.953336353;43.85874421;1.56;16660.45011
38;Norway;NOR;3;2019NOR;5378.859;2019;82.4;7.442139626;5.509702465;50.87519275;1.56;64962.26227
73;Pakistan;PAK;6;2019PAK;216565.317;2019;67.3;4.442717552;0.873785382;45.10544179;1.56;4690.484755
42;Palestine, State of;PSE;4;2019PSE;4981.422;2019;74;4.48253727;0.935436498;50.25928365;1.56;6219.960291
6;Panama;PAN;1;2019PAN;4246.44;2019;78.5;6.085955143;2.095497138;57.93216985;1.56;31458.69263
55;Paraguay;PRY;1;2019PRY;7044.639;2019;74.3;5.652625561;2.795780376;47.60305593;1.56;12685.1134
15;Peru;PER;1;2019PER;32510.462;2019;76.7;5.999381542;2.087987089;55.89352023;1.56;12847.88521
12;Philippines;PHL;8;2019PHL;108116.622;2019;71.2;6.267745018;1.502025499;57.10321898;1.56;8908.175977
74;Poland;POL;7;2019POL;37887.771;2019;78.7;6.24209404;4.770052414;45.0226049;1.56;33226.26592
63;Portugal;PRT;3;2019PRT;10226.178;2019;82;6.095473289;4.776021175;46.26293284;1.56;34904.68577
152;Qatar;QAT;4;2019QAT;2832.071;2019;80.2;6.374529362;15.03758856;24.32655376;1.56;90043.92618
64;Romania;ROU;7;2019ROU;19364.558;2019;76;6.129942417;3.925004477;46.21227471;1.56;29968.57521
131;Russia;RUS;7;2019RUS;145872.26;2019;72.6;5.440523624;5.463714556;34.92504653;1.56;27043.93539
115;Rwanda;RWA;5;2019RWA;12626.938;2019;69;3.268152237;0.606204969;39.23448403;1.56;2226.863571
97;Saudi Arabia;SAU;4;2019SAU;34268.529;2019;75.1;6.561247349;5.516561892;41.61211706;1.56;46962.14906
34;Senegal;SEN;5;2019SEN;16296.362;2019;67.9;5.488736629;1.15246151;51.19518904;1.56;3394.868808
26;Serbia;SRB;7;2019SRB;8772.228;2019;76;6.241407394;2.691386041;53.21580638;1.56;18350.58731
147;Sierra Leone;SLE;5;2019SLE;7813.207;2019;54.7;3.447381496;0.966944784;29.01673937;1.56;1718.276712
68;Singapore;SGP;8;2019SGP;5804.343;2019;83.6;6.378359795;5.598810316;45.54925389;1.56;97341.46865
61;Slovakia;SVK;7;2019SVK;5457.012;2019;77.5;6.243428707;4.217127795;46.57431406;1.56;31965.32847
53;Slovenia;SVN;7;2019SVN;2078.654;2019;81.3;6.665273666;5.045764978;47.88454788;1.56;39029.72579
129;South Africa;ZAF;5;2019ZAF;58558.267;2019;64.1;5.034863472;2.966766551;36.20526477;1.56;12481.81351
110;South Korea;KOR;8;2019KOR;51225.321;2019;83;5.902816772;6.446572539;39.81907149;1.56;42878.8173
30;Spain;ESP;3;2019ESP;46736.782;2019;83.6;6.457449436;4.142668854;52.3355153;1.56;40936.21952
60;Sri Lanka;LKA;6;2019LKA;21323.734;2019;77;4.213299274;1.501491981;46.79711602;1.56;13078.09812
112;Sudan;SDN;5;2019SDN;42813.237;2019;65.3;4.241629481;1.337276684;39.60313347;1.56;3958.46839
41;Sweden;SWE;3;2019SWE;10036.391;2019;82.8;7.398092747;5.605593113;50.50051612;1.56;52642.3152
4;Switzerland;CHE;3;2019CHE;8591.361;2019;83.8;7.69422102;4.142516115;60.10465034;1.56;68390.71299
87;Taiwan;TWN;8;2019TWN;23773.881;2019;80.4627;6.537089825;5.969634938;43.15363214;1.56;
17;Tajikistan;TJK;7;2019TJK;9321.023;2019;71.1;5.464015484;0.964901584;55.15297812;1.56;3379.748697
124;Tanzania;TZA;5;2019TZA;58005.461;2019;65.5;3.640154839;1.093729383;36.95833825;1.56;2660.420338
28;Thailand;THA;8;2019THA;69625.581;2019;77.2;6.02215147;2.657845518;52.90452836;1.56;18459.99486
123;Togo;TGO;5;2019TGO;8082.359;2019;61;4.179493904;1.093472558;37.31041453;1.56;1596.644938
144;Trinidad and Tobago;TTO;1;2019TTO;1394.969;2019;73.5;6.191859722;8.243828751;31.61280299;1.56;26175.83698
81;Tunisia;TUN;4;2019TUN;11694.721;2019;76.7;4.315479755;2.118263819;43.92253442;1.56;10755.60815
102;Turkey;TUR;4;2019TUR;83429.607;2019;77.7;4.87207365;3.610031436;41.28234798;1.56;28289.0888
141;Turkmenistan;TKM;7;2019TKM;5942.094;2019;68.2;5.474299908;5.360309534;32.95738249;1.56;
76;Uganda;UGA;5;2019UGA;44269.587;2019;63.4;4.948051453;0.98585989;44.76973343;1.56;2187.464881
103;Ukraine;UKR;7;2019UKR;43993.643;2019;72.1;4.701762199;2.643290808;40.90280442;1.56;12810.28945
135;United Arab Emirates;ARE;4;2019ARE;9770.526;2019;78;6.710782528;8.935042966;34.30856703;1.56;67119.13264
14;United Kingdom;GBR;3;2019GBR;67530.161;2019;81.3;7.157151222;3.948529357;55.96785254;1.56;46702.97842
122;United States of America;USA;2;2019USA;329064.917;2019;78.9;6.943701267;8.21127422;37.44571593;1.56;62530.38959
10;Uruguay;URY;1;2019URY;3461.731;2019;77.9;6.600337029;2.621885465;57.53003585;1.56;21561.06205
24;Uzbekistan;UZB;7;2019UZB;32981.715;2019;71.7;6.154049397;1.882619055;54.14126925;1.56;6998.767576
2;Vanuatu;VUT;8;2019VUT;299.882;2019;70.5;6.955620317;1.61609366;60.36387581;1.56;3153.015168
46;Venezuela;VEN;1;2019VEN;28515.829;2019;72.1;5.080803394;1.593181787;48.94059614;1.56;
48;Vietnam;VNM;8;2019VNM;96462.108;2019;75.4;5.467451096;2.56373618;48.44459745;1.56;8041.178551
77;Yemen;YEM;4;2019YEM;29161.922;2019;66.1;4.196912766;0.515748973;44.62843323;1.56;
134;Zambia;ZMB;5;2019ZMB;17861.034;2019;63.9;3.306796551;0.931228935;34.41091087;1.56;3470.448801
148;Zimbabwe;ZWE;5;2019ZWE;14645.473;2019;61.5;2.693523169;0.980442271;28.64019133;1.56;2835.948532
1;Costa Rica;CRI;1;2018CRI;4999.443;2018;80.1;7.141074657;2.598468849;63.30310154;1.57;20073.88145
2;Ecuador;ECU;1;2018ECU;17084.359;2018;76.8;6.128010273;1.630290323;60.20185891;1.57;11561.74921
3;Guatemala;GTM;1;2018GTM;17247.855;2018;74.1;6.626591682;1.79182249;60.20083496;1.57;8448.463809
4;Vanuatu;VUT;8;2018VUT;292.675;2018;70.3;6.874683597;1.624379041;59.63471472;1.57;3128.469953
5;Panama;PAN;1;2018PAN;4176.868;2018;78.3;6.281434059;2.17913361;58.66240568;1.57;31049.17931
6;Switzerland;CHE;3;2018CHE;8525.614;2018;83.6;7.508586884;4.289062603;58.07155554;1.57;68246.40264
7;Honduras;HND;1;2018HND;9587.523;2018;75.1;5.908423901;1.558357497;57.63346241;1.57;5672.25331
8;Colombia;COL;1;2018COL;49661.056;2018;77.1;5.983512402;1.890250973;57.52070486;1.57;14356.69407
9;New Zealand;NZL;2;2018NZL;4743.131;2018;82.1;7.370285988;4.074509741;57.25973168;1.57;42642.66293
10;Jamaica;JAM;1;2018JAM;2934.853;2018;74.4;6.099498987;1.834394317;56.45698863;1.57;9737.981656
11;Uruguay;URY;1;2018URY;3449.29;2018;77.8;6.371714592;2.600654213;56.1202047;1.57;21590.83348
12;United Kingdom;GBR;3;2018GBR;67141.678;2018;81.2;7.233445168;4.07478172;55.74683502;1.57;46290.12272
13;Tajikistan;TJK;7;2018TJK;9100.847;2018;70.9;5.497468948;0.956281661;55.36071427;1.57;3234.721579
14;El Salvador;SLV;1;2018SLV;6420.74;2018;73.1;6.241199493;2.016699957;55.10601219;1.57;8615.576151
15;Mexico;MEX;1;2018MEX;126190.782;2018;75;6.549578667;2.60141551;55.02105747;1.57;19993.71739
16;Philippines;PHL;8;2018PHL;106651.394;2018;71.1;5.869172573;1.410517823;54.93372905;1.57;8516.094388
17;Nicaragua;NIC;1;2018NIC;6465.502;2018;74.3;5.81895256;1.867514524;54.18555087;1.57;5694.92448
18;Netherlands;NLD;3;2018NLD;17059.56;2018;82.1;7.463097095;4.813214642;54.01096098;1.57;56239.95536
19;Uzbekistan;UZB;7;2018UZB;32476.232;2018;71.6;6.205460072;1.955702187;53.99254102;1.57;6755.480974
20;Peru;PER;1;2018PER;31989.265;2018;76.5;5.679661274;2.124119242;53.33301717;1.57;12782.37633
21;Spain;ESP;3;2018ESP;46692.863;2018;83.4;6.513370991;4.086202229;52.89059426;1.57;40441.27469
22;Thailand;THA;8;2018THA;69428.454;2018;76.9;6.011561871;2.624175811;52.86786519;1.57;18086.50771
23;Germany;DEU;3;2018DEU;83124.413;2018;81.2;7.118364334;4.583985349;52.49810705;1.57;53634.14458
24;Brazil;BRA;1;2018BRA;209469.32;2018;75.7;6.190921783;2.739750666;52.4416616;1.57;14596.24616
25;Pakistan;PAK;6;2018PAK;212228.288;2018;67.1;5.471553802;0.873021631;52.39046558;1.57;4739.768808
26;Dominican Republic;DOM;1;2018DOM;10627.147;2018;73.9;5.433215618;1.827284324;51.42705685;1.57;17711.76553
27;Palestine, State of;PSE;4;2018PSE;4862.978;2018;73.9;4.5539217;0.864397842;51.30103809;1.57;6318.210068
28;Italy;ITA;3;2018ITA;60627.291;2018;83.4;6.516526699;4.432096245;51.21839408;1.57;42187.82412
29;Serbia;SRB;7;2018SRB;8802.741;2018;75.8;5.936493397;2.682327287;51.20114469;1.57;17508.5278
30;Finland;FIN;3;2018FIN;5522.585;2018;81.7;7.85810709;5.857173209;51.18811549;1.57;48303.3622
31;France;FRA;3;2018FRA;64990.512;2018;82.5;6.665903568;4.498721588;51.17811753;1.57;45488.65322
32;Albania;ALB;7;2018ALB;2882.735;2018;78.5;5.004402637;1.997753708;50.82174031;1.57;13366.30306
33;Moldova;MDA;7;2018MDA;4051.95;2018;71.8;5.682277203;1.96620229;50.60364962;1.57;12363.14684
34;Cyprus;CYP;3;2018CYP;1189.262;2018;80.8;6.276443005;3.905683383;50.52531122;1.57;38822.49197
35;Kyrgyzstan;KGZ;7;2018KGZ;6304.025;2018;71.3;5.297383308;1.499857642;50.47203196;1.57;5133.151914
36;Armenia;ARM;7;2018ARM;2951.741;2018;74.9;5.062448502;1.701442904;50.36376199;1.57;12714.95819
37;Norway;NOR;3;2018NOR;5337.96;2018;82.3;7.444262028;5.667377822;50.21740314;1.57;64655.68752
38;Morocco;MAR;4;2018MAR;36029.089;2018;76.5;4.896791935;1.782915598;49.87068701;1.57;7437.637535
39;Ireland;IRL;3;2018IRL;4818.694;2018;82.1;6.962335587;5.107560986;49.8516289;1.57;83388.72115
40;Bangladesh;BGD;6;2018BGD;161376.713;2018;72.3;4.499217033;0.84443963;49.73475272;1.57;4441.424462
41;Indonesia;IDN;8;2018IDN;267670.549;2018;71.5;5.340295792;1.700775266;49.67023522;1.57;11371.53194
42;Sweden;SWE;3;2018SWE;9971.63;2018;82.7;7.374792099;5.844604264;49.38821142;1.57;52516.45407
43;Nepal;NPL;6;2018NPL;28095.712;2018;70.5;4.910086632;1.173995395;49.16969376;1.57;3252.743328
44;Congo (Brazzaville);COG;5;2018COG;5244.363;2018;64.3;5.490214348;1.058979128;48.75799677;1.57;3906.939945
45;Chile;CHL;1;2018CHL;18729.166;2018;80;6.436220646;4.373670792;48.71915892;1.57;25165.17818
46;Cambodia;KHM;8;2018KHM;16249.795;2018;69.6;5.121837616;1.391165707;48.56430751;1.57;4159.337426
47;Sri Lanka;LKA;6;2018LKA;21228.76;2018;76.8;4.435023785;1.485890943;48.48710561;1.57;12864.60635
48;Mauritius;MUS;5;2018MUS;1267.184;2018;74.9;5.88174057;3.000772758;48.46616829;1.57;22208.13812
49;Vietnam;VNM;8;2018VNM;95545.959;2018;75.3;5.295547009;2.396014334;48.213858;1.57;7586.384939
50;Algeria;DZA;4;2018DZA;42228.415;2018;76.7;5.043086052;2.274678361;48.18461881;1.57;11642.19449
51;Austria;AUT;3;2018AUT;8891.383;2018;81.4;7.396001816;5.996407697;48.05222106;1.57;55474.20315
52;Azerbaijan;AZE;7;2018AZE;9949.537;2018;72.9;5.167995453;1.964655733;48.00791652;1.57;14209.64941
53;Argentina;ARG;1;2018ARG;44361.15;2018;76.5;5.792796612;3.258791452;47.75514195;1.57;22759.39856
54;Bosnia and Herzegovina;BIH;7;2018BIH;3323.929;2018;77.3;5.887401104;3.508819012;47.66868461;1.57;14432.68266
55;Romania;ROU;7;2018ROU;19506.11;2018;75.9;6.150878906;3.641012763;47.63387338;1.57;28616.6
56;Israel;ISR;4;2018ISR;8381.507;2018;82.8;6.92717886;5.785174899;47.33166993;1.57;39600.27751
57;Paraguay;PRY;1;2018PRY;6956.069;2018;74.1;5.68296051;2.948252402;46.92878022;1.57;12850.46496
58;Czech Republic;CZE;7;2018CZE;10665.679;2018;79.2;7.034165382;5.443617793;46.92872321;1.57;40053.77367
59;Iceland;ISL;3;2018ISL;336.712;2018;82.9;7.504359245;6.710243699;46.88231567;1.57;55866.18927
60;Tunisia;TUN;4;2018TUN;11565.203;2018;76.5;4.741132259;2.139239539;46.7022545;1.57;10763.78558
61;Japan;JPN;8;2018JPN;127202.19;2018;84.5;5.793575287;4.666630762;46.57069051;1.57;41309.95609
62;Venezuela;VEN;1;2018VEN;28887.117;2018;72.1;5.005663395;1.92698938;46.52875272;1.57;
63;Benin;BEN;5;2018BEN;11485.035;2018;61.5;5.81982708;1.405258268;46.26491601;1.57;3160.777093
64;Portugal;PRT;3;2018PRT;10256.192;2018;81.9;5.919822693;4.566558766;46.12374519;1.57;34149.39832
65;Malta;MLT;3;2018MLT;439.255;2018;82.4;6.909710884;6.032441296;46.05316234;1.57;43207.26772
66;Senegal;SEN;5;2018SEN;15854.324;2018;67.7;4.769377232;1.158450903;46.03607262;1.57;3314.785689
67;Hungary;HUN;7;2018HUN;9707.502;2018;76.7;5.935770988;3.853759318;45.94365008;1.57;31196.50498
68;Slovakia;SVK;7;2018SVK;5453.017;2018;77.4;6.23511076;4.352998824;45.93018711;1.57;31283.76368
69;Bolivia;BOL;1;2018BOL;11353.14;2018;71.2;5.915734291;3.023832411;45.86141216;1.57;8655.52996
70;Lebanon;LBN;4;2018LBN;6859.408;2018;78.9;5.167186737;3.183907596;45.82130248;1.57;15612.01218
71;Slovenia;SVN;7;2018SVN;2077.836;2018;81.2;6.249419212;4.991998824;45.80267268;1.57;38089.53867
72;Croatia;HRV;7;2018HRV;4156.407;2018;78.3;5.536271095;3.656390574;45.52398626;1.57;27888.57363
73;Jordan;JOR;4;2018JOR;9965.322;2018;74.4;4.638933659;1.959970559;45.50249618;1.57;10022.76232
74;Iraq;IRQ;4;2018IRQ;38433.604;2018;70.5;4.8864007;1.769129175;45.42260571;1.57;10660.09256
75;Greece;GRC;3;2018GRC;10522.244;2018;82.1;5.40928936;4.079718668;45.29208356;1.57;29859.80485
76;North Macedonia;MKD;7;2018MKD;2082.957;2018;75.7;5.239834785;2.949917399;45.27590392;1.57;16147.72998
77;Denmark;DNK;3;2018DNK;5752.131;2018;80.8;7.648785591;7.023360955;45.19615624;1.57;56461.00792
78;Kenya;KEN;5;2018KEN;51392.57;2018;66.3;4.655702591;0.99217778;45.1485644;1.57;4203.802282
79;Singapore;SGP;8;2018SGP;5757.503;2018;83.5;6.374564171;5.712974499;45.09627695;1.57;97744.95461
80;Poland;POL;7;2018POL;37921.585;2018;78.5;6.111485004;4.760620326;44.27596619;1.57;31775.26164
81;Georgia;GEO;7;2018GEO;4002.946;2018;73.6;4.659097195;2.288986887;43.36861131;1.57;14257.08166
82;Montenegro;MNE;7;2018MNE;627.803;2018;76.8;5.650189877;4.104997878;43.28636699;1.57;20752.62045
83;Australia;AUS;2;2018AUS;24898.153;2018;83.3;7.17699337;7.386751688;43.27778032;1.57;49304.25111
84;Belgium;BEL;3;2018BEL;11482.18;2018;81.5;6.89217186;6.648064355;43.2661911;1.57;51279.65454
85;Turkey;TUR;4;2018TUR;82340.09;2018;77.4;5.185689449;3.561371915;43.24802024;1.57;28410.11313
86;Ethiopia;ETH;5;2018ETH;109224.41;2018;66.2;4.379262447;0.978679285;43.22297012;1.57;2103.512989
87;Libya;LBY;4;2018LBY;6678.565;2018;72.7;5.493977547;3.349107295;42.94110805;1.57;15017.98908
88;Taiwan;TWN;8;2018TWN;23726.46;2018;80.2928;6.467004776;5.922920989;42.91580362;1.57;
89;Burkina Faso;BFA;5;2018BFA;19751.466;2018;61.2;4.92723608;1.091197608;42.26598534;1.57;2120.322861
90;Niger;NER;5;2018NER;22442.831;2018;62;5.164007187;1.542992738;41.90897353;1.57;1200.966203
91;Madagascar;MDG;5;2018MDG;26262.313;2018;66.7;4.070586681;0.900804485;41.88067184;1.57;1613.104514
92;China;CHN;8;2018CHN;1427647.789;2018;76.7;5.131433964;3.731989287;41.76439175;1.57;15242.98586
93;Mozambique;MOZ;5;2018MOZ;29496.009;2018;60.2;4.653713703;0.762535411;41.5696699;1.57;1289.738003
94;Malaysia;MYS;8;2018MYS;31528.033;2018;76;5.338817596;3.976755248;41.53632467;1.57;27557.65446
95;Cameroon;CMR;5;2018CMR;25216.261;2018;58.9;5.250737667;1.255016363;41.46230101;1.57;3603.551705
96;Rwanda;RWA;5;2018RWA;12301.969;2018;68.7;3.5610466;0.641798171;41.10205847;1.57;2088.754318
97;Guinea;GIN;5;2018GIN;12414.292;2018;61.2;5.25222683;1.725578829;40.86355159;1.57;2495.971762
98;Bulgaria;BGR;7;2018BGR;7051.61;2018;74.9;5.098813534;3.703585066;40.57941736;1.57;22279.36194
99;Egypt;EGY;4;2018EGY;98423.602;2018;71.8;4.005450726;1.731398804;40.55629471;1.57;11366.33633
100;Laos;LAO;8;2018LAO;7061.498;2018;67.6;4.85940218;2.282094073;40.54458321;1.57;7592.819798
101;Ukraine;UKR;7;2018UKR;44246.158;2018;72;4.661909103;2.670289599;40.52097817;1.57;12338.0028
102;Canada;CAN;2;2018CAN;37074.558;2018;82.3;7.175496578;8.135169134;40.50111265;1.57;48770.33586
103;India;IND;6;2018IND;1352642.283;2018;69.4;3.818068743;1.213227782;40.29637313;1.57;6496.807506
104;Uganda;UGA;5;2018UGA;42729.032;2018;63;4.321714878;1.013246863;40.1912495;1.57;2122.260513
105;Saudi Arabia;SAU;4;2018SAU;33702.757;2018;75;6.356393337;5.650836616;40.14794386;1.57;47596.73557
106;Myanmar;MMR;8;2018MMR;53708.318;2018;66.9;4.410633087;1.746158362;39.83167699;1.57;5029.180876
107;South Korea;KOR;8;2018KOR;51171.7;2018;82.8;5.840231419;6.335861321;39.79236757;1.57;42105.27993
108;Ghana;GHA;5;2018GHA;29767.108;2018;63.8;5.003693104;2.071768904;39.68537151;1.57;5194.439001
109;Belarus;BLR;7;2018BLR;9452.615;2018;74.6;5.233769894;4.165250433;39.36753199;1.57;18885.2355
110;Gabon;GAB;5;2018GAB;2119.275;2018;66.2;4.783009052;2.242145187;39.29790813;1.57;14744.43433
111;Liberia;LBR;5;2018LBR;4818.976;2018;63.7;4.134852886;1.087836224;39.08039625;1.57;1497.004477
112;Cote d'Ivoire;CIV;5;2018CIV;25069.226;2018;57.4;5.26837492;1.497529256;39.08015845;1.57;5033.478224
113;Zambia;ZMB;5;2018ZMB;17351.714;2018;63.5;4.041488171;0.958663558;38.99215665;1.57;3521.520144
114;Nigeria;NGA;5;2018NGA;195874.685;2018;54.3;5.252288342;1.008926849;38.90693084;1.57;5155.074546
115;Lithuania;LTU;7;2018LTU;2801.27;2018;75.7;6.308878899;6.138185904;38.76514251;1.57;35540.65377
116;Iran;IRN;4;2018IRN;81800.204;2018;76.5;4.278117657;3.178226508;38.75467309;1.57;13471.84897
117;Namibia;NAM;5;2018NAM;2448.3;2018;63.4;4.834087849;2.034064871;38.57984512;1.57;9931.972912
118;Comoros;COM;5;2018COM;832.322;2018;64.1;3.972819567;1.134259997;38.058437;1.57;3066.837847
119;Haiti;HTI;1;2018HTI;11123.183;2018;63.7;3.614928007;0.63463956;37.94186761;1.57;2992.312294
120;United States of America;USA;2;2018USA;327096.263;2018;78.9;6.882684708;8.150143184;37.3934735;1.57;61498.36983
121;Burundi;BDI;5;2018BDI;11175.379;2018;61.2;3.775283098;0.610356416;37.35026949;1.57;761.5241934
122;Kazakhstan;KAZ;7;2018KAZ;18319.616;2018;73.2;6.00763607;5.901997763;36.66047233;1.57;25544.34476
123;Togo;TGO;5;2018TGO;7889.095;2018;60.8;4.022894859;1.092480553;36.22690094;1.57;1552.858562
124;Yemen;YEM;4;2018YEM;28498.683;2018;66.1;3.057513952;0.560899554;35.98012352;1.57;
125;Mali;MLI;5;2018MLI;19077.755;2018;58.9;4.415729523;1.426160259;35.66796942;1.57;2283.710194
126;Mauritania;MRT;5;2018MRT;4403.312;2018;64.7;4.313615322;2.282436597;35.36185015;1.57;5042.423182
127;Estonia;EST;7;2018EST;1322.913;2018;78.6;6.091302395;7.562801465;35.34342274;1.57;35320.47464
128;Latvia;LVA;7;2018LVA;1928.461;2018;75.2;5.901154041;6.619379482;35.22580922;1.57;30131.97915
129;Tanzania;TZA;5;2018TZA;56313.444;2018;65;3.445023298;1.135528184;35.15208205;1.57;2589.975602
130;Russia;RUS;7;2018RUS;145734.034;2018;72.4;5.513500214;5.490276514;35.12681073;1.57;26667.72544
131;South Africa;ZAF;5;2018ZAF;57792.52;2018;63.9;4.8839221;3.064659144;34.95262643;1.57;12627.92858
132;Malawi;MWI;5;2018MWI;18143.215;2018;63.8;3.334633589;0.901774306;34.71630124;1.57;1042.526368
133;Zimbabwe;ZWE;5;2018ZWE;14438.812;2018;61.2;3.616479874;1.023807575;34.24830484;1.57;3130.029501
134;United Arab Emirates;ARE;4;2018ARE;9630.966;2018;77.8;6.603743553;8.922794684;33.85940322;1.57;66968.26985
135;Sierra Leone;SLE;5;2018SLE;7650.149;2018;54.3;4.305683136;0.986696281;33.61343409;1.57;1663.292393
136;Bahrain;BHR;4;2018BHR;1569.44;2018;77.2;6.662666559;9.065320543;33.48858453;1.57;46227.02712
137;Eswatini;SWZ;5;2018SWZ;1136.274;2018;59.4;4.211565018;1.786539621;33.29174927;1.57;8521.214825
138;Kuwait;KWT;4;2018KWT;4137.314;2018;75.4;6.100012541;7.867505522;33.05372679;1.57;50478.5941
139;Hong Kong;HKG;8;2018HKG;7371.728;2018;84.7;5.510895967;8.844873384;32.66395188;1.57;61063.54937
140;Afghanistan;AFG;6;2018AFG;37171.922;2018;64.5;2.694303274;0.726988649;31.54055353;1.57;2033.779002
141;Botswana;BWA;5;2018BWA;2254.067;2018;69.3;3.4613657;2.706598731;31.51073757;1.57;17634.19462
142;Chad;TCD;5;2018TCD;15477.727;2018;54;4.486325264;1.671245789;31.48851121;1.57;1576.31867
143;Luxembourg;LUX;3;2018LUX;604.244;2018;82.1;7.242630959;12.70444185;30.94930291;1.57;113952.3579
144;Turkmenistan;TKM;7;2018TKM;5850.902;2018;68.1;4.620601654;5.300352632;29.25145523;1.57;14845.32943
145;Lesotho;LSO;5;2018LSO;2108.327;2018;53.7;3.653540611;1.465202335;27.67456595;1.57;2748.543746
146;Mongolia;MNG;8;2018MNG;3170.214;2018;69.7;5.464622974;9.664828807;24.72542004;1.57;11915.5793
;Bhutan;BTN;6;2018BTN;754.396;2018;71.5;;4.505679324;;1.57;11348.47204
;Central African Republic;CAF;5;2018CAF;4666.375;2018;52.8;;1.188435071;;1.57;933.1095507
;Congo (Kinshasa);COD;5;2018COD;84068.092;2018;60.4;;0.742806693;;1.57;1085.893701
;Qatar;QAT;4;2018QAT;2781.682;2018;80.1;;14.91070345;;1.57;90970.22442
;Sudan;SDN;5;2018SDN;41801.532;2018;65.1;;1.336276785;;1.57;4160.597868
;Trinidad and Tobago;TTO;1;2018TTO;1389.841;2018;73.4;;8.196677454;;1.57;26272.9084
1;Costa Rica;CRI;1;2017CRI;4949.955;2017;79.9;7.22518158;2.568161027;64.1664918;1.6;19749.16744
2;Panama;PAN;1;2017PAN;4106.764;2017;78.1;6.567658901;2.270548219;60.10793063;1.6;30454.76381
3;Nicaragua;NIC;1;2017NIC;6384.843;2017;74.1;6.476356506;1.740174226;59.74465975;1.6;6004.017296
4;Vanuatu;VUT;8;2017VUT;285.499;2017;70.2;6.793746878;1.63855;59.10720478;1.6;3116.645194
5;Colombia;COL;1;2017COL;48909.844;2017;76.9;6.157341957;1.91120352;58.6797165;1.6;14219.53282
6;Honduras;HND;1;2017HND;9429.016;2017;74.9;6.019985676;1.538064619;58.64685917;1.6;5561.996312
7;Guatemala;GTM;1;2017GTM;16914.979;2017;73.8;6.325118542;1.783268906;58.09636199;1.6;8317.364101
8;Tajikistan;TJK;7;2017TJK;8880.27;2017;70.6;5.829234123;0.965336517;57.71557999;1.6;3089.530208
9;Ecuador;ECU;1;2017ECU;16785.356;2017;76.6;5.839518547;1.713983053;57.50511403;1.6;11617.90876
10;Switzerland;CHE;3;2017CHE;8455.797;2017;83.5;7.473593235;4.474964779;57.00842613;1.6;66910.5737
11;Uruguay;URY;1;2017URY;3436.645;2017;77.6;6.336009979;2.58218;56.04577268;1.6;21324.846
12;El Salvador;SLV;1;2017SLV;6388.124;2017;72.9;6.339318275;1.985553581;56.01473623;1.6;8454.058198
13;New Zealand;NZL;2;2017NZL;4702.029;2017;82;7.32718277;4.322969965;55.81019187;1.6;42101.39587
14;Jamaica;JAM;1;2017JAM;2920.848;2017;74.3;5.889759064;1.811078493;55.26431443;1.6;9598.370957
15;Uzbekistan;UZB;7;2017UZB;31959.774;2017;71.4;6.421447754;1.995011429;55.20577972;1.6;6518.804687
16;Pakistan;PAK;6;2017PAK;207906.21;2017;66.9;5.830870628;0.863778249;55.05779695;1.6;4571.414491
17;United Kingdom;GBR;3;2017GBR;66727.463;2017;81.2;7.103273392;4.200775572;54.51330242;1.6;45955.32701
18;Mexico;MEX;1;2017MEX;124777.326;2017;74.9;6.410299301;2.623132531;54.11144842;1.6;19785.90501
19;Philippines;PHL;8;2017PHL;105172.921;2017;71;5.594270229;1.33671735;53.61026026;1.6;8120.842309
20;Peru;PER;1;2017PER;31444.299;2017;76.3;5.710936546;2.146596444;53.45396197;1.6;12506.53017
21;Dominican Republic;DOM;1;2017DOM;10513.111;2017;73.7;5.605202675;1.752746688;53.14711944;1.6;16735.33259
22;Netherlands;NLD;3;2017NLD;17021.343;2017;82;7.458965302;5.024509566;53.1166972;1.6;55264.57036
23;Brazil;BRA;1;2017BRA;207833.825;2017;75.5;6.332929134;2.81001845;52.99111082;1.6;14519.84913
24;Morocco;MAR;4;2017MAR;35581.257;2017;76.2;5.312482834;1.768041014;52.95231399;1.6;7314.154487
25;Thailand;THA;8;2017THA;69209.817;2017;76.7;5.938895226;2.577403902;52.70447747;1.6;17420.56515
26;Kyrgyzstan;KGZ;7;2017KGZ;6189.727;2017;71.2;5.629536629;1.55354464;52.55963878;1.6;5046.691535
27;Palestine, State of;PSE;4;2017PSE;4747.233;2017;73.7;4.62813282;0.812429998;52.29639146;1.6;6401.740891
28;Germany;DEU;3;2017DEU;82658.409;2017;81;7.074324608;4.702938114;51.73915277;1.6;53121.98768
29;Spain;ESP;3;2017ESP;46647.425;2017;83.3;6.230173111;4.026419355;51.55928857;1.6;39655.15021
30;Finland;FIN;3;2017FIN;5511.372;2017;81.6;7.788251877;5.83504831;51.04208969;1.6;47644.42838
31;Ireland;IRL;3;2017IRL;4753.281;2017;81.9;7.060155392;5.013502757;50.86492353;1.6;78051.521
32;France;FRA;3;2017FRA;64842.513;2017;82.4;6.635222435;4.602202298;50.6401261;1.6;44755.32528
33;Israel;ISR;4;2017ISR;8243.849;2017;82.7;7.331036091;5.5468826;50.57504766;1.6;39022.88802
34;Norway;NOR;3;2017NOR;5296.324;2017;82.1;7.578744888;5.775153972;50.53455496;1.6;64255.28265
35;Mauritius;MUS;5;2017MUS;1264.497;2017;74.7;6.174117565;3.06446719;49.97634013;1.6;21415.11611
36;Algeria;DZA;4;2017DZA;41389.174;2017;76.5;5.248912334;2.301701722;49.48500728;1.6;11737.40935
37;Cyprus;CYP;3;2017CYP;1179.685;2017;80.7;6.062051296;3.877463304;49.47223476;1.6;37766.90166
38;Italy;ITA;3;2017ITA;60673.694;2017;83.2;6.198870182;4.410827158;49.46967817;1.6;41713.90002
39;Argentina;ARG;1;2017ARG;43937.143;2017;76.4;6.039330006;3.304015065;49.15572513;1.6;23597.11775
40;Moldova;MDA;7;2017MDA;4059.687;2017;71.7;5.325530529;1.866907293;48.90989304;1.6;11651.31745
41;Chile;CHL;1;2017CHL;18470.435;2017;79.9;6.320119381;4.280644903;48.58351925;1.6;24548.1877
42;Romania;ROU;7;2017ROU;19653.966;2017;75.8;6.089904785;3.402462701;48.53868715;1.6;27230.52382
43;Nepal;NPL;6;2017NPL;27632.682;2017;70.2;4.736692429;1.092066691;48.3830935;1.6;3099.306082
44;Bangladesh;BGD;6;2017BGD;159685.421;2017;72.1;4.309771061;0.831657377;48.37629207;1.6;4161.089713
45;Vietnam;VNM;8;2017VNM;94600.643;2017;75.2;5.175278664;2.242731901;48.36464959;1.6;7155.745829
46;Indonesia;IDN;8;2017IDN;264650.969;2017;71.3;5.098401546;1.661594819;48.27079061;1.6;10935.84175
47;Sweden;SWE;3;2017SWE;9904.895;2017;82.5;7.286804676;6.076790938;48.06842081;1.6;52113.83434
48;Albania;ALB;7;2017ALB;2884.169;2017;78.3;4.639548302;2.049188713;47.91756054;1.6;12811.75944
49;Azerbaijan;AZE;7;2017AZE;9845.316;2017;72.7;5.152279377;1.97349664;47.88077778;1.6;14121.40694
50;Sri Lanka;LKA;6;2017LKA;21128.028;2017;76.6;4.330945492;1.490568979;47.70705693;1.6;12584.10442
51;Hungary;HUN;7;2017HUN;9729.822;2017;76.5;6.065038681;3.673492153;47.57198268;1.6;29559.21447
52;Austria;AUT;3;2017AUT;8819.902;2017;81.3;7.293727875;6.02481835;47.53631933;1.6;54342.94786
53;Japan;JPN;8;2017JPN;127502.728;2017;84.3;5.910676479;4.651207358;47.38539508;1.6;41093.50063
54;Jordan;JOR;4;2017JOR;9785.84;2017;74.3;4.808082581;1.926430407;46.96536822;1.6;10010.39496
55;Paraguay;PRY;1;2017PRY;6867.058;2017;74;5.71329546;3.090904849;46.51049958;1.6;12594.34143
56;Slovakia;SVK;7;2017SVK;5447.903;2017;77.2;6.365509033;4.413979185;46.43715015;1.6;30189.39713
57;Iceland;ISL;3;2017ISL;334.395;2017;82.7;7.476213932;6.8228;46.3978659;1.6;55274.18912
58;Malta;MLT;3;2017MLT;437.935;2017;82.2;6.675665855;5.684844976;46.18947093;1.6;42539.73635
59;Turkey;TUR;4;2017TUR;81116.451;2017;77.2;5.607262135;3.509141363;46.0748894;1.6;28007.97483
60;Slovenia;SVN;7;2017SVN;2076.395;2017;81;6.166837692;4.895139369;45.7815681;1.6;36622.19529
61;Czech Republic;CZE;7;2017CZE;10641.032;2017;79.1;6.789567947;5.471300902;45.65914911;1.6;38948.86299
62;Serbia;SRB;7;2017SRB;8829.623;2017;75.7;5.122031212;2.754592084;45.65771779;1.6;16664.06071
63;Portugal;PRT;3;2017PRT;10288.527;2017;81.7;5.711499214;4.40181771;45.6479221;1.6;33150.20997
64;Denmark;DNK;3;2017DNK;5732.277;2017;80.7;7.593702316;6.928879641;45.36657659;1.6;55533.44735
65;Senegal;SEN;5;2017SEN;15419.354;2017;67.4;4.683024883;1.160491011;45.35825605;1.6;3203.900758
66;Venezuela;VEN;1;2017VEN;29402.48;2017;72.2;5.070750713;2.282610075;45.28177224;1.6;
67;Cambodia;KHM;8;2017KHM;16009.413;2017;69.3;4.585842133;1.325940283;45.16385035;1.6;3928.373688
68;Lebanon;LBN;4;2017LBN;6819.373;2017;78.8;5.153989792;3.329648715;45.15592938;1.6;16005.25704
69;Poland;POL;7;2017POL;37953.176;2017;78.3;6.201268196;4.712723393;45.00138843;1.6;30160.49423
70;North Macedonia;MKD;7;2017MKD;2081.996;2017;75.6;5.233866692;3.06168418;44.80451926;1.6;15699.89421
71;Singapore;SGP;8;2017SGP;5708.042;2017;83.3;6.378437996;5.868474185;44.59428992;1.6;94940.97079
72;Congo (Brazzaville);COG;5;2017COG;5110.701;2017;64;4.883991241;1.066666789;44.57206784;1.6;4274.296414
73;Armenia;ARM;7;2017ARM;2944.789;2017;74.8;4.287736416;1.79751554;44.36779447;1.6;12115.05701
74;Croatia;HRV;7;2017HRV;4182.847;2017;78.2;5.343165874;3.719136937;44.18255747;1.6;26885.65841
75;Australia;AUS;2;2017AUS;24584.619;2017;83.1;7.25703764;7.272647577;44.06809061;1.6;48633.13322
76;Bolivia;BOL;1;2017BOL;11192.853;2017;70.9;5.65055275;3.084220334;43.97615561;1.6;8423.696806
77;Kenya;KEN;5;2017KEN;50221.146;2017;65.9;4.475654125;0.993979465;43.73543251;1.6;4046.208425
78;Malaysia;MYS;8;2017MYS;31104.655;2017;75.8;5.666585445;3.908324926;43.72526932;1.6;26661.1877
79;Belgium;BEL;3;2017BEL;11419.752;2017;81.3;6.928347588;6.603176082;43.63812748;1.6;50596.6428
80;Greece;GRC;3;2017GRC;10569.449;2017;81.9;5.14824152;4.12298257;43.56733884;1.6;29233.79663
81;Libya;LBY;4;2017LBY;6580.723;2017;72.5;5.646852493;3.459671177;43.36284088;1.6;13237.99853
82;Montenegro;MNE;7;2017MNE;627.563;2017;76.7;5.614798546;4.085460949;43.26495167;1.6;19745.11298
83;Bosnia and Herzegovina;BIH;7;2017BIH;3351.534;2017;77.1;5.089902401;3.492220488;42.94081871;1.6;13797.79022
84;Taiwan;TWN;8;2017TWN;23674.546;2017;80.1173;6.359450817;5.83;42.75072932;1.6;
85;Georgia;GEO;7;2017GEO;4008.723;2017;73.4;4.45077467;2.179147971;42.56177598;1.6;13589.70739
86;Ghana;GHA;5;2017GHA;29121.464;2017;63.5;5.481310844;2.042007762;42.55938534;1.6;4996.638706
87;Iraq;IRQ;4;2017IRQ;37552.789;2017;70.3;4.462399006;1.803408514;42.41906805;1.6;10971.97001
88;Tunisia;TUN;4;2017TUN;11433.438;2017;76.3;4.124342918;2.15357032;42.36673266;1.6;10605.25721
89;India;IND;6;2017IND;1338676.779;2017;69.2;4.046111107;1.194777473;42.02997103;1.6;6185.993893
90;Canada;CAN;2;2017CAN;36732.091;2017;82.2;7.414868355;8.077236163;41.82213127;1.6;48487.76028
91;Madagascar;MDG;5;2017MDG;25570.511;2017;66.3;4.078620434;0.916822995;41.70496943;1.6;1584.422678
92;China;CHN;8;2017CHN;1421021.794;2017;76.5;5.099061489;3.71444441;41.67950278;1.6;14344.42124
93;Ethiopia;ETH;5;2017ETH;106399.926;2017;65.9;4.180315495;1.00771664;41.60349911;1.6;2021.561046
94;Iran;IRN;4;2017IRN;80673.888;2017;76.3;4.716783047;3.224457514;41.31012722;1.6;14535.86223
95;Bulgaria;BGR;7;2017BGR;7102.452;2017;74.8;5.096901894;3.63544597;40.935937;1.6;21455.56436
96;Belarus;BLR;7;2017BLR;9450.233;2017;74.3;5.552915096;4.204488934;40.93394697;1.6;18280.19892
97;Liberia;LBR;5;2017LBR;4702.224;2017;63.3;4.424490929;1.107914267;40.73527933;1.6;1515.64325
98;South Korea;KOR;8;2017KOR;51096.408;2017;82.6;5.873887062;6.175655659;40.51557726;1.6;41110.6448
99;Laos;LAO;8;2017LAO;6953.031;2017;67.3;4.623140812;1.996751197;40.3882331;1.6;7257.807932
100;Benin;BEN;5;2017BEN;11175.192;2017;61.2;4.853180885;1.413485095;40.21962056;1.6;3044.513887
101;Cameroon;CMR;5;2017CMR;24566.07;2017;58.5;5.07405138;1.264084293;40.18398452;1.6;3554.525156
102;Burkina Faso;BFA;5;2017BFA;19193.236;2017;60.8;4.646891117;1.121392324;40.1603322;1.6;2044.381874
103;Egypt;EGY;4;2017EGY;96442.59;2017;71.7;3.929344177;1.780060494;39.880006;1.6;11014.48614
104;Saudi Arabia;SAU;4;2017SAU;33101.183;2017;74.9;6.294282436;5.768481303;39.55164833;1.6;47309.13223
105;Lithuania;LTU;7;2017LTU;2845.419;2017;75.5;6.272940636;5.864387431;39.49106761;1.6;33869.74153
106;Gabon;GAB;5;2017GAB;2064.812;2017;65.8;4.782382965;2.171096345;39.48938701;1.6;15006.76409
107;Congo (Kinshasa);COD;5;2017COD;81398.765;2017;60;4.311033249;0.754067374;39.36733655;1.6;1059.810775
108;Haiti;HTI;1;2017HTI;10982.367;2017;63.3;3.823865652;0.642578407;39.21815961;1.6;2980.960856
109;Nigeria;NGA;5;2017NGA;190873.247;2017;54;5.321928024;1.023790323;39.11294842;1.6;5190.354386
110;Guinea;GIN;5;2017GIN;12067.516;2017;60.7;4.873722553;1.680077299;38.63546408;1.6;2417.799187
111;Ukraine;UKR;7;2017UKR;44487.708;2017;71.8;4.311067104;2.659172545;38.42360354;1.6;11871.12362
112;Mozambique;MOZ;5;2017MOZ;28649.007;2017;59.3;4.279863358;0.804465155;38.3428658;1.6;1283.65987
113;Niger;NER;5;2017NER;21602.388;2017;61.6;4.615673542;1.564738265;38.32558134;1.6;1163.683259
114;Myanmar;MMR;8;2017MMR;53382.521;2017;66.6;4.154341698;1.708556523;38.31323451;1.6;4739.910118
115;United States of America;USA;2;2017USA;325084.758;2017;78.9;6.9917593;8.036161443;38.29597972;1.6;60062.22231
116;Togo;TGO;5;2017TGO;7698.476;2017;60.5;4.360805035;1.089000526;38.29398876;1.6;1516.526046
117;Zambia;ZMB;5;2017ZMB;16853.608;2017;63;3.932777405;0.968201247;37.99429004;1.6;3485.005238
118;Cote d'Ivoire;CIV;5;2017CIV;24437.475;2017;57;5.037734985;1.421130691;37.97278871;1.6;4830.751701
119;Uganda;UGA;5;2017UGA;41166.588;2017;62.5;4.000516891;1.042912858;37.69692522;1.6;2074.860241
120;Rwanda;RWA;5;2017RWA;11980.96;2017;68.3;3.10837388;0.674639047;37.36791393;1.6;1975.252453
121;Mali;MLI;5;2017MLI;18512.429;2017;58.5;4.741850376;1.435808169;37.3662321;1.6;2246.801669
122;Mauritania;MRT;5;2017MRT;4282.582;2017;64.5;4.678159714;2.313232115;37.34564725;1.6;5077.195472
123;Yemen;YEM;4;2017YEM;27834.811;2017;66.1;3.253560066;0.610368755;37.30334959;1.6;
124;Latvia;LVA;7;2017LVA;1951.097;2017;75;5.977817535;6.131974947;36.98340444;1.6;28741.47519
125;Namibia;NAM;5;2017NAM;2402.623;2017;63;4.441306114;2.102830819;35.85611864;1.6;10050.50128
126;Estonia;EST;7;2017EST;1319.389;2017;78.4;5.938395977;7.16080994;35.73640942;1.6;33964.31415
127;Burundi;BDI;5;2017BDI;10827.01;2017;60.9;3.557596087;0.629289356;35.69475221;1.6;773.5718584
128;Kazakhstan;KAZ;7;2017KAZ;18080.023;2017;72.7;5.882351398;5.988221467;35.68789318;1.6;24862.96612
129;United Arab Emirates;ARE;4;2017ARE;9487.206;2017;77.6;7.039419651;8.945830316;35.55711198;1.6;67183.62656
130;Russia;RUS;7;2017RUS;145530.091;2017;72.1;5.578742981;5.475099538;35.44718967;1.6;26005.97994
131;Malawi;MWI;5;2017MWI;17670.193;2017;63.3;3.416862965;0.899869344;35.07855368;1.6;1037.545868
132;Zimbabwe;ZWE;5;2017ZWE;14236.599;2017;60.8;3.63830018;1.030194843;34.21260457;1.6;3028.245976
133;Tanzania;TZA;5;2017TZA;54660.345;2017;64.5;3.347121239;1.167050404;34.15789107;1.6;2530.438453
134;Kuwait;KWT;4;2017KWT;4056.102;2017;75.3;6.093905449;8.031758458;32.72680536;1.6;50855.49996
135;Bahrain;BHR;4;2017BHR;1494.077;2017;77;6.227320671;8.655573463;32.69513916;1.6;47709.87381
136;South Africa;ZAF;5;2017ZAF;57009.751;2017;63.5;4.513655186;3.155162675;32.57705319;1.6;12701.34893
137;Turkmenistan;TKM;7;2017TKM;5757.667;2017;68;5.229148865;5.224274446;32.28019195;1.6;14205.02158
138;Sierra Leone;SLE;5;2017SLE;7488.427;2017;53.9;4.089562416;1.001921655;32.13759895;1.6;1642.606593
139;Chad;TCD;5;2017TCD;15016.761;2017;53.7;4.558937073;1.671427102;31.76874686;1.6;1587.03106
140;Trinidad and Tobago;TTO;1;2017TTO;1384.06;2017;73.2;6.191859722;8.227159701;31.66247324;1.6;26447.59327
141;Hong Kong;HKG;8;2017HKG;7306.315;2017;84.5;5.362474918;9.05338;31.62644672;1.6;59849.24818
142;Botswana;BWA;5;2017BWA;2205.076;2017;68.8;3.504881144;2.741095417;31.49326747;1.6;17253.28063
143;Afghanistan;AFG;6;2017AFG;36296.111;2017;64.1;2.66171813;0.664047068;31.46323232;1.6;2058.383832
144;Luxembourg;LUX;3;2017LUX;591.914;2017;82;7.061380863;12.79042523;30.2816418;1.6;112666.7694
145;Lesotho;LSO;5;2017LSO;2091.532;2017;52.9;3.795300722;1.468049695;27.99116364;1.6;2783.115664
146;Mongolia;MNG;8;2017MNG;3113.788;2017;69.5;5.333850384;8.04620625;27.0210166;1.6;11311.79382
147;Central African Republic;CAF;5;2017CAF;4596.023;2017;52.2;3.475862026;1.174955477;26.87391329;1.6;912.8020523
;Bhutan;BTN;6;2017BTN;745.563;2017;71.1;;4.372488641;;1.6;11142.39995
;Comoros;COM;5;2017COM;813.89;2017;63.9;;1.141346589;;1.6;3032.254682
;Eswatini;SWZ;5;2017SWZ;1124.808;2017;58.3;;1.88396707;;1.6;8408.454272
;Qatar;QAT;4;2017QAT;2724.727;2017;80;;14.72037707;;1.6;91738.8538
;Sudan;SDN;5;2017SDN;40813.398;2017;64.9;;1.334512378;;1.6;4362.578409
1;Costa Rica;CRI;1;2016CRI;4899.336;2016;79.7;7.135617733;2.710142521;62.37983287;1.6;19211.56676
2;Ecuador;ECU;1;2016ECU;16491.116;2016;76.4;6.115437508;1.691060743;59.5325466;1.6;11551.61667
3;Colombia;COL;1;2016COL;48175.048;2016;76.7;6.233715057;2.041412426;58.1467944;1.6;14242.80689
4;Guatemala;GTM;1;2016GTM;16583.079;2016;73.5;6.358916283;1.839335755;57.67299232;1.6;8205.754475
5;Mexico;MEX;1;2016MEX;123333.379;2016;74.9;6.824172974;2.565252482;57.15920886;1.6;19603.30887
6;Panama;PAN;1;2016PAN;4037.073;2016;78;6.117638111;2.260211915;56.93162189;1.6;29337.88139
7;Nicaragua;NIC;1;2016NIC;6303.97;2016;73.9;6.012739658;1.754731864;56.1793593;1.6;5811.910595
8;Switzerland;CHE;3;2016CHE;8379.915;2016;83.3;7.458519936;4.600744924;56.11937518;1.6;66344.07481
9;Honduras;HND;1;2016HND;9270.794;2016;74.7;5.648154736;1.538380265;55.73818967;1.6;5395.613969
10;Jamaica;JAM;1;2016JAM;2906.242;2016;74.2;5.696685632;1.60550902;55.20347421;1.6;9550.810094
11;Palestine, State of;PSE;4;2016PSE;4635.644;2016;73.6;4.906618118;0.756118455;54.86205981;1.6;6438.93364
12;New Zealand;NZL;2;2016NZL;4659.265;2016;81.9;7.225687981;4.471543489;54.37656561;1.6;41671.90256
13;El Salvador;SLV;1;2016SLV;6356.137;2016;72.6;6.139824867;2.003133136;54.29450265;1.6;8309.630336
14;Morocco;MAR;4;2016MAR;35126.274;2016;76;5.38630724;1.661657846;54.03605083;1.6;7109.242906
15;Thailand;THA;8;2016THA;68971.313;2016;76.4;6.07363987;2.483871661;53.9310042;1.6;16797.7721
16;Brazil;BRA;1;2016BRA;206163.056;2016;75.2;6.374817371;2.679956558;53.78350082;1.6;14446.41281
17;Netherlands;NLD;3;2016NLD;16981.285;2016;81.9;7.540877342;4.985808928;53.68594754;1.6;54019.80035
18;Pakistan;PAK;6;2016PAK;203631.356;2016;66.8;5.548508167;0.824596542;53.22461771;1.6;4421.670349
19;Israel;ISR;4;2016ISR;8108.984;2016;82.5;7.159010887;4.771553354;52.95537866;1.6;38427.74095
20;Peru;PER;1;2016PER;30926.036;2016;76;5.700628757;2.22869112;52.63961877;1.6;12403.68875
21;Philippines;PHL;8;2016PHL;103663.812;2016;70.8;5.430832863;1.311292302;52.443902;1.6;7705.045222
22;Tajikistan;TJK;7;2016TJK;8663.575;2016;70.4;5.103721142;0.938113355;52.31128953;1.6;2942.647962
23;United Kingdom;GBR;3;2016GBR;66297.944;2016;81.1;6.8242836;4.32868698;52.14458882;1.6;45409.41756
24;Argentina;ARG;1;2016ARG;43508.459;2016;76.2;6.427221298;3.191666261;51.99075157;1.6;23189.52745
25;Norway;NOR;3;2016NOR;5250.95;2016;82;7.596331596;5.467441028;51.87219257;1.6;63305.60402
26;Spain;ESP;3;2016ESP;46634.131;2016;83.1;6.318612099;4.056278297;51.82363812;1.6;38600.44682
27;Moldova;MDA;7;2016MDA;4066.013;2016;71.6;5.577784061;1.704609444;51.55072489;1.6;10942.55087
28;Uzbekistan;UZB;7;2016UZB;31441.753;2016;71.2;5.892539024;2.068162203;51.08585014;1.6;6346.334778
29;Nepal;NPL;6;2016NPL;27263.43;2016;69.8;5.099539757;1.041023037;51.05097307;1.6;2902.249217
30;Dominican Republic;DOM;1;2016DOM;10397.738;2016;73.5;5.238698483;1.682617518;50.84355559;1.6;16166.60375
31;Chile;CHL;1;2016CHL;18209.072;2016;79.8;6.579056263;4.111787612;50.82981708;1.6;24608.06503
32;France;FRA;3;2016FRA;64667.59;2016;82.3;6.475208759;4.42894984;50.43392161;1.6;43844.7477
33;Ireland;IRL;3;2016IRL;4695.79;2016;81.6;7.04073143;5.041625359;50.42761852;1.6;72962.8507
34;Germany;DEU;3;2016DEU;82193.77;2016;80.9;6.873763084;4.762096813;50.26092251;1.6;51968.67654
35;Bangladesh;BGD;6;2016BGD;157977.151;2016;71.8;4.5561409;0.811499079;50.19169361;1.6;3920.301119
36;Jordan;JOR;4;2016JOR;9554.286;2016;74.2;5.27128458;1.995216108;49.70275016;1.6;10039.50576
37;Algeria;DZA;4;2016DZA;40551.398;2016;76.3;5.340853691;2.35779786;49.64701731;1.6;11826.16467
38;Romania;ROU;7;2016ROU;19796.28;2016;75.6;5.96887064;3.028765191;49.55906318;1.6;25225.26379
39;Cyprus;CYP;3;2016CYP;1170.189;2016;80.5;5.794618607;3.594506579;49.05419209;1.6;36526.81906
40;Finland;FIN;3;2016FIN;5497.714;2016;81.4;7.659843445;6.14548749;48.99474076;1.6;46244.1052
41;Azerbaijan;AZE;7;2016AZE;9736.041;2016;72.5;5.303894997;1.957670423;48.84719645;1.6;14238.78414
42;Sri Lanka;LKA;6;2016LKA;21021.177;2016;76.5;4.471276045;1.510298522;48.57545597;1.6;12287.47271
43;Serbia;SRB;7;2016SRB;8853.963;2016;75.5;5.752754688;2.945289678;48.5659779;1.6;16234.49818
44;Indonesia;IDN;8;2016IDN;261556.386;2016;71;5.136325359;1.620646723;48.5456262;1.6;10531.19794
45;Japan;JPN;8;2016JPN;127763.267;2016;84.1;5.954650879;4.464446398;48.33973477;1.6;40155.28071
46;Italy;ITA;3;2016ITA;60663.068;2016;83;5.95452404;4.326680767;48.25081043;1.6;40968.14304
47;Sweden;SWE;3;2016SWE;9836.003;2016;82.4;7.368744373;6.131761144;48.2140206;1.6;51498.35302
48;Paraguay;PRY;1;2016PRY;6777.878;2016;73.8;5.801380157;2.890093677;47.91831036;1.6;12157.80061
49;Vietnam;VNM;8;2016VNM;93640.435;2016;75.2;5.062267303;2.193571431;47.87010449;1.6;6767.902495
50;Albania;ALB;7;2016ALB;2886.427;2016;78.2;4.511100769;1.958895085;47.42776412;1.6;12331.12775
51;Austria;AUT;3;2016AUT;8747.306;2016;81.3;7.048071861;5.851399947;46.93854373;1.6;53439.41395
52;Australia;AUS;2;2016AUS;24262.71;2016;83;7.250080109;6.42539913;46.88539264;1.6;48347.03166
53;Kyrgyzstan;KGZ;7;2016KGZ;6074.327;2016;71.1;4.856534004;1.684128381;46.32117641;1.6;4912.382483
54;North Macedonia;MKD;7;2016MKD;2080.746;2016;75.5;5.34574604;2.896622876;46.2416857;1.6;15541.21281
55;Poland;POL;7;2016POL;37989.218;2016;78.1;6.162076473;4.349812156;46.16811923;1.6;28774.2728
56;Malta;MLT;3;2016MLT;436.099;2016;82.1;6.590842247;5.653807741;45.79585328;1.6;40476.6286
57;Portugal;PRT;3;2016PRT;10325.54;2016;81.4;5.446637154;3.968619361;45.74078356;1.6;31949.20921
58;Lebanon;LBN;4;2016LBN;6714.281;2016;78.8;5.27072382;3.375625868;45.67735347;1.6;16108.50408
59;Malaysia;MYS;8;2016MYS;30684.652;2016;75.6;5.994353294;3.869577177;45.64232251;1.6;25541.64399
60;Slovakia;SVK;7;2016SVK;5442.001;2016;77;5.993163109;4.148562599;45.34959148;1.6;29343.28297
61;Denmark;DNK;3;2016DNK;5711.346;2016;80.6;7.55778265;6.916156244;45.17885125;1.6;54358.03363
62;Turkey;TUR;4;2016TUR;79827.868;2016;76.9;5.326221943;3.301411187;45.1192084;1.6;26471.28695
63;Czech Republic;CZE;7;2016CZE;10618.868;2016;78.9;6.735627174;5.536453224;45.00467855;1.6;37133.15493
64;Tunisia;TUN;4;2016TUN;11303.942;2016;76.1;4.521453381;2.15384163;44.99366706;1.6;10524.99351
65;Belgium;BEL;3;2016BEL;11354.407;2016;81.1;6.948936462;6.235419323;44.89112374;1.6;49988.07943
66;Senegal;SEN;5;2016SEN;14993.514;2016;67.1;4.59453392;1.102542084;44.85430544;1.6;3067.662712
67;Slovenia;SVN;7;2016SVN;2074.205;2016;80.9;5.936821461;4.869526398;44.53491409;1.6;34969.77263
68;Mauritius;MUS;5;2016MUS;1261.87;2016;74.6;5.610003471;3.485270099;44.45301295;1.6;20646.933
69;Greece;GRC;3;2016GRC;10615.183;2016;81.7;5.302619457;4.117237054;44.40699922;1.6;28743.41723
70;Bolivia;BOL;1;2016BOL;11031.822;2016;70.6;5.769723415;3.127037545;44.25669116;1.6;8202.550925
71;Egypt;EGY;4;2016EGY;94447.071;2016;71.5;4.556740761;1.753555862;44.17219302;1.6;10795.80863
72;Armenia;ARM;7;2016ARM;2936.147;2016;74.6;4.325471878;1.864460043;44.13751633;1.6;11303.0717
73;Cambodia;KHM;8;2016KHM;15766.29;2016;69;4.461259365;1.330308969;44.04312192;1.6;3733.955498
74;Croatia;HRV;7;2016HRV;4208.611;2016;78;5.416875362;3.902592041;43.70496939;1.6;25681.55207
75;China;CHN;8;2016CHN;1414049.353;2016;76.2;5.32495594;3.561086011;43.48180178;1.6;13487.82248
76;Hungary;HUN;7;2016HUN;9752.97;2016;76.3;5.448901653;3.783801361;43.31716346;1.6;28260.77661
77;Georgia;GEO;7;2016GEO;4015.457;2016;73.2;4.448386192;2.052957638;43.04600412;1.6;12963.74396
78;India;IND;6;2016IND;1324517.25;2016;68.9;4.179177284;1.146932709;43.02898423;1.6;5840.670229
79;Montenegro;MNE;7;2016MNE;627.271;2016;76.6;5.304066181;3.707825723;42.98068696;1.6;18857.90297
80;Bosnia and Herzegovina;BIH;7;2016BIH;3386.263;2016;77;5.180865288;3.616624633;42.88989601;1.6;13236.45206
81;Kenya;KEN;5;2016KEN;49051.531;2016;65.4;4.396127701;0.997617888;42.77505281;1.6;3952.745641
82;Iraq;IRQ;4;2016IRQ;36610.632;2016;70.1;4.412537098;1.734939452;42.29979124;1.6;11542.26426
83;Afghanistan;AFG;6;2016AFG;35383.028;2016;63.8;4.220168591;0.701342232;42.04274923;1.6;2057.062164
84;Ethiopia;ETH;5;2016ETH;103603.461;2016;65.5;4.297848701;1.022719119;42.03016388;1.6;1894.896632
85;South Korea;KOR;8;2016KOR;50983.446;2016;82.4;5.970564365;5.927906679;41.72344712;1.6;39963.61047
86;Saudi Arabia;SAU;4;2016SAU;32443.443;2016;74.8;6.473921299;5.411623376;41.57445544;1.6;48627.1493
87;Libya;LBY;4;2016LBY;6492.16;2016;72.3;5.43358326;3.584012617;41.48335513;1.6;10592.42442
88;Yemen;YEM;4;2016YEM;27168.21;2016;66.1;3.825630903;0.641415903;41.33043295;1.6;
89;Myanmar;MMR;8;2016MMR;53045.199;2016;66.2;4.623119831;1.684802906;41.14836783;1.6;4482.924518
90;Singapore;SGP;8;2016SGP;5653.625;2016;83.1;6.033480644;6.324792215;41.12248981;1.6;91075.53531
91;Iran;IRN;4;2016IRN;79563.991;2016;76;4.652730942;3.15587854;41.02257135;1.6;14205.20717
92;Canada;CAN;2;2016CAN;36382.942;2016;82.1;7.244845867;8.147206425;40.8171384;1.6;47564.81088
93;Zambia;ZMB;5;2016ZMB;16363.449;2016;62.5;4.347543716;0.962652967;40.40789981;1.6;3467.875156
94;Congo (Kinshasa);COD;5;2016COD;78789.13;2016;59.7;4.521935463;0.771842844;40.4038578;1.6;1055.572955
95;Bulgaria;BGR;7;2016BGR;7151.948;2016;74.7;4.837560654;3.440644829;40.14805243;1.6;20578.59751
96;Belarus;BLR;7;2016BLR;9445.638;2016;74;5.177899361;3.92232532;39.76507471;1.6;17822.60659
97;Congo (Brazzaville);COG;5;2016COG;4980.996;2016;63.6;4.119493484;1.086581587;39.05896825;1.6;4598.656999
98;Gabon;GAB;5;2016GAB;2007.882;2016;65.4;4.831764221;2.312826415;38.85935188;1.6;15359.80924
99;Lithuania;LTU;7;2016LTU;2889.555;2016;75.2;5.865552425;5.42216635;38.76692009;1.6;32027.80742
100;Uganda;UGA;5;2016UGA;39649.173;2016;62;4.233261108;1.059253532;38.76208933;1.6;2075.098911
101;Rwanda;RWA;5;2016RWA;11668.829;2016;67.9;3.332989931;0.689257275;38.70454113;1.6;1950.528104
102;Mozambique;MOZ;5;2016MOZ;27829.93;2016;58.3;4.414815426;0.771077498;38.59457063;1.6;1273.783084
103;Madagascar;MDG;5;2016MDG;24894.37;2016;65.9;3.663085938;0.92524314;38.44090988;1.6;1565.866924
104;Cameroon;CMR;5;2016CMR;23926.549;2016;58.1;4.816232204;1.33204428;37.99550162;1.6;3524.444514
105;Nigeria;NGA;5;2016NGA;185960.244;2016;53.5;5.219567776;1.065062377;37.89295421;1.6;5284.891949
106;Venezuela;VEN;1;2016VEN;29851.249;2016;72.4;4.041114807;2.474575191;37.88709688;1.6;
107;Russia;RUS;7;2016RUS;145275.374;2016;71.8;5.85494566;5.190674842;37.48104911;1.6;25568.90779
108;United States of America;USA;2;2016USA;323015.992;2016;78.9;6.803599834;8.166101256;37.15926754;1.6;59043.21146
109;Burkina Faso;BFA;5;2016BFA;18646.35;2016;60.4;4.205634594;1.138078772;36.99844683;1.6;1981.426838
110;Ghana;GHA;5;2016GHA;28481.947;2016;63.1;4.514411449;1.972134304;36.91534815;1.6;4724.125116
111;Latvia;LVA;7;2016LVA;1974.265;2016;74.9;5.940446377;6.220245929;36.49648773;1.6;27590.98338
112;Ukraine;UKR;7;2016UKR;44713.708;2016;71.7;4.028690338;2.785184675;36.11445679;1.6;11534.638
113;Mauritania;MRT;5;2016MRT;4163.532;2016;64.2;4.472149372;2.356836308;35.77782322;1.6;5045.8943
114;Cote d'Ivoire;CIV;5;2016CIV;23822.726;2016;56.6;4.542545795;1.256956665;35.60724689;1.6;4615.711582
115;Haiti;HTI;1;2016HTI;10839.976;2016;62.9;3.352300167;0.65225687;35.58263314;1.6;2952.618729
116;Niger;NER;5;2016NER;20788.789;2016;61.1;4.234645844;1.599893413;35.51831581;1.6;1151.655159
117;Sierra Leone;SLE;5;2016SLE;7328.846;2016;53.4;4.732953072;0.989760192;35.44928688;1.6;1610.552727
118;Malawi;MWI;5;2016MWI;17205.253;2016;62.7;3.476492643;0.834487971;35.38943639;1.6;1024.601072
119;Togo;TGO;5;2016TGO;7509.952;2016;60.2;3.878578424;1.05384781;35.20649964;1.6;1489.683845
120;Turkmenistan;TKM;7;2016TKM;5662.371;2016;67.8;5.887051582;5.262398327;35.04876278;1.6;13562.52608
121;United Arab Emirates;ARE;4;2016ARE;9360.975;2016;77.5;6.83095026;8.81626146;34.98120005;1.6;66510.86746
122;Estonia;EST;7;2016EST;1316.507;2016;78.1;5.649675369;7.026632994;34.629869;1.6;32232.92164
123;Benin;BEN;5;2016BEN;10872.072;2016;60.9;4.007357597;1.463542632;34.61954904;1.6;2961.441778
124;Zimbabwe;ZWE;5;2016ZWE;14030.338;2016;60.3;3.7354002;1.033343054;34.4686362;1.6;2934.73365
125;Kazakhstan;KAZ;7;2016KAZ;17830.902;2016;72.1;5.533551693;5.8496004;34.15479972;1.6;24210.86296
126;Namibia;NAM;5;2016NAM;2358.044;2016;62.6;4.485534509;2.550851501;34.04333668;1.6;10266.74525
127;South Africa;ZAF;5;2016ZAF;56207.649;2016;63.2;4.769739628;3.1153156;33.85786272;1.6;12702.91708
128;Burundi;BDI;5;2016BDI;10488.002;2016;60.5;3.339909077;0.660994808;33.79186488;1.6;794.6045744
129;Liberia;LBR;5;2016LBR;4586.788;2016;62.8;3.354676008;1.138004336;33.23599467;1.6;1516.355714
130;Mali;MLI;5;2016MLI;17965.448;2016;58;4.016027927;1.467639292;32.65902655;1.6;2198.562706
131;Bahrain;BHR;4;2016BHR;1425.793;2016;76.9;6.169673443;8.737183945;32.24323174;1.6;47937.77631
132;Botswana;BWA;5;2016BWA;2159.925;2016;68.2;3.498936653;2.675328146;31.3556357;1.6;17117.12222
133;Kuwait;KWT;4;2016KWT;3956.862;2016;75.2;5.947194576;8.439226413;31.2002207;1.6;54708.70268
134;Guinea;GIN;5;2016GIN;11738.434;2016;60.2;3.602854729;1.614086462;31.12473456;1.6;2253.478244
135;Tanzania;TZA;5;2016TZA;53049.231;2016;63.8;2.90273428;1.162798537;30.79859938;1.6;2441.565214
136;Luxembourg;LUX;3;2016LUX;579.266;2016;81.8;6.967340946;12.7564273;29.94113103;1.6;113396.7538
137;Chad;TCD;5;2016TCD;14561.658;2016;53.4;4.029350281;1.754370026;28.52399341;1.6;1687.052642
138;Lesotho;LSO;5;2016LSO;2075.041;2016;52.1;3.808204889;1.331656951;28.01152779;1.6;2842.698609
139;Mongolia;MNG;8;2016MNG;3056.358;2016;69.3;5.056999683;7.621831436;26.68082725;1.6;10940.41507
140;Central African Republic;CAF;5;2016CAF;4537.683;2016;51.6;2.693061113;1.164323601;22.34825123;1.6;884.4944169
;Bhutan;BTN;6;2016BTN;736.706;2016;70.8;;4.520954232;;1.6;10775.14643
;Comoros;COM;5;2016COM;795.597;2016;63.7;;1.230996595;;1.6;2987.989053
;Eswatini;SWZ;5;2016SWZ;1113.994;2016;57;;1.813382667;;1.6;8321.10661
;Hong Kong;HKG;8;2016HKG;7243.541;2016;84.3;5.498420715;;;1.6;58096.28339
;Iceland;ISL;3;2016ISL;332.209;2016;82.6;7.510034561;;;1.6;54125.48067
;Laos;LAO;8;2016LAO;6845.848;2016;66.9;;1.850226676;;1.6;6896.129388
;Qatar;QAT;4;2016QAT;2654.379;2016;79.9;;14.21852259;;1.6;95601.9874
;Sudan;SDN;5;2016SDN;39847.433;2016;64.7;;1.37715515;;1.6;4284.811056
;Taiwan;TWN;8;2016TWN;23618.201;2016;79.9362;6.512850761;;;1.6;
;Trinidad and Tobago;TTO;1;2016TTO;1377.563;2016;73.1;;7.821044834;;1.6;27201.46855
;Uruguay;URY;1;2016URY;3424.139;2016;77.5;6.171485424;;;1.6;20862.17131
;Vanuatu;VUT;8;2016VUT;278.326;2016;70;6.712810158;;;1.6;3061.78724
1;Costa Rica;CRI;1;2015CRI;4847.805;2015;79.6;6.854004383;2.519102684;61.7462735;1.61;18625.00494
2;Colombia;COL;1;2015COL;47520.667;2015;76.5;6.387571812;1.96862671;59.65478682;1.61;14143.70357
3;Panama;PAN;1;2015PAN;3968.49;2015;77.8;6.605550289;2.353808081;59.61897837;1.61;28436.35983
4;Guatemala;GTM;1;2015GTM;16252.425;2015;73.3;6.464986801;1.841373041;58.29211188;1.61;8125.364862
5;Nicaragua;NIC;1;2015NIC;6223.234;2015;73.6;5.924112797;1.498266138;57.16899761;1.61;5630.397464
6;Ecuador;ECU;1;2015ECU;16212.022;2015;76.1;5.964075089;1.904908167;56.73102;1.61;11896.37663
7;Switzerland;CHE;3;2015CHE;8296.775;2015;83.1;7.572136879;4.689625556;56.25750342;1.61;65936.62603
8;Moldova;MDA;7;2015MDA;4070.705;2015;71.5;6.017472267;1.530720247;55.76270768;1.61;10360.82959
9;Thailand;THA;8;2015THA;68714.519;2015;76.1;6.201762676;2.442232465;54.87633155;1.61;16301.53809
10;Philippines;PHL;8;2015PHL;102113.206;2015;70.6;5.547489166;1.136656153;54.40935611;1.61;7300.135781
11;Jamaica;JAM;1;2015JAM;2891.024;2015;74.1;5.5036122;1.520201786;54.37250794;1.61;9470.797195
12;Brazil;BRA;1;2015BRA;204471.759;2015;75;6.546896935;2.781374399;54.19507017;1.61;15059.23437
13;El Salvador;SLV;1;2015SLV;6325.121;2015;72.4;6.018496037;1.954985131;53.68541181;1.61;8143.016917
14;Mexico;MEX;1;2015MEX;121858.251;2015;74.9;6.236287117;2.531891089;53.59353453;1.61;19332.07427
15;New Zealand;NZL;2;2015NZL;4614.527;2015;81.7;7.418120861;4.925947837;53.20181426;1.61;41106.7184
16;Palestine, State of;PSE;4;2015PSE;4529.16;2015;73.4;4.695239067;0.774529355;52.9289479;1.61;6048.976597
17;Spain;ESP;3;2015ESP;46671.919;2015;83;6.380663395;3.929249872;52.84710679;1.61;37496.42147
18;Tajikistan;TJK;7;2015TJK;8454.019;2015;70.1;5.124210835;0.877953739;52.70636418;1.61;2821.656311
19;Algeria;DZA;4;2015DZA;39728.02;2015;76.1;5.847876072;2.516409986;52.05948199;1.61;11696.96376
20;Uzbekistan;UZB;7;2015UZB;30929.556;2015;70.9;5.972364426;1.983254491;51.94984692;1.61;6086.715742
21;Argentina;ARG;1;2015ARG;43075.416;2015;76.1;6.69713068;3.603949653;51.43833804;1.61;23933.88661
22;Morocco;MAR;4;2015MAR;34663.608;2015;75.7;5.163156986;1.789557021;51.40795506;1.61;7129.68627
23;Jordan;JOR;4;2015JOR;9266.573;2015;74.1;5.404593468;1.893776444;51.22810441;1.61;10145.83449
24;Peru;PER;1;2015PER;30470.739;2015;75.8;5.577263355;2.371760991;50.85814263;1.61;12110.26888
25;Germany;DEU;3;2015DEU;81787.411;2015;80.8;7.037137508;4.864903075;50.7113199;1.61;51247.06555
26;Norway;NOR;3;2015NOR;5199.827;2015;81.9;7.603433609;5.754590367;50.67855619;1.61;63188.66728
27;Chile;CHL;1;2015CHL;17969.356;2015;79.6;6.532749653;4.10930268;50.49039653;1.61;24516.83689
28;Netherlands;NLD;3;2015NLD;16938.492;2015;81.7;7.324437141;5.422548045;50.45889694;1.61;53143.29965
29;Bangladesh;BGD;6;2015BGD;156256.287;2015;71.5;4.633473873;0.856500731;50.29627986;1.61;3700.111081
30;Dominican Republic;DOM;1;2015DOM;10281.675;2015;73.2;5.061862469;1.633445779;49.72229954;1.61;15328.35206
31;Honduras;HND;1;2015HND;9112.904;2015;74.5;4.845436573;1.586166564;49.45467831;1.61;5283.409956
32;United Kingdom;GBR;3;2015GBR;65860.149;2015;81.1;6.515445232;4.543905349;49.39438329;1.61;44893.73978
33;Sri Lanka;LKA;6;2015LKA;20908.024;2015;76.3;4.611606598;1.540621456;49.35841678;1.61;11890.51618
34;Finland;FIN;3;2015FIN;5481.128;2015;81.2;7.447925568;5.769722671;49.33257044;1.61;45108.9916
35;Nepal;NPL;6;2015NPL;27015.033;2015;69.5;4.812436581;0.962500331;49.28776969;1.61;2911.548304
36;Tunisia;TUN;4;2015TUN;11179.951;2015;75.9;5.131611824;2.152264003;49.15310868;1.61;10519.73939
37;Romania;ROU;7;2015ROU;19925.182;2015;75.5;5.777491093;2.931425287;48.85549262;1.61;23954.3959
38;Ireland;IRL;3;2015IRL;4652.42;2015;81.3;6.830125332;5.115699003;48.80178696;1.61;71173.51565
39;France;FRA;3;2015FRA;64453.194;2015;82.2;6.357625008;4.662123295;48.6826246;1.61;43484.23872
40;Israel;ISR;4;2015ISR;7978.496;2015;82.3;7.07941103;5.665343436;48.53490883;1.61;37687.74748
41;Vietnam;VNM;8;2015VNM;92677.082;2015;75.1;5.076315403;2.121977798;48.35691874;1.61;6438.260271
42;Sweden;SWE;3;2015SWE;9764.949;2015;82.3;7.28892231;6.04098689;48.15009952;1.61;51091.58922
43;Pakistan;PAK;6;2015PAK;199426.953;2015;66.6;4.823194981;0.791605196;48.10268146;1.61;4278.346427
44;Japan;JPN;8;2015JPN;127985.139;2015;83.9;5.879684448;4.437556634;47.93934159;1.61;39900.75492
45;Malta;MLT;3;2015MLT;433.559;2015;81.9;6.61339426;5.141045998;47.88916061;1.61;39862.53107
46;Indonesia;IDN;8;2015IDN;258383.257;2015;70.8;5.04279995;1.608902514;47.8746162;1.61;10149.60391
47;Cyprus;CYP;3;2015CYP;1160.987;2015;80.3;5.439161301;3.415136344;47.60420644;1.61;34375.56372
48;Albania;ALB;7;2015ALB;2890.524;2015;78;4.606650829;2.041462861;47.57418049;1.61;11916.42231
49;Australia;AUS;2;2015AUS;23932.499;2015;82.8;7.309060574;6.304403015;47.56684669;1.61;47784.17848
50;Italy;ITA;3;2015ITA;60578.489;2015;82.8;5.847683907;4.3765207;47.31775428;1.61;40376.35073
51;Malaysia;MYS;8;2015MYS;30270.965;2015;75.5;6.322121143;3.913004379;47.3134855;1.61;24787.8262
52;Austria;AUT;3;2015AUT;8678.667;2015;81.2;7.07644701;5.864231182;47.03133872;1.61;52966.70248
53;Azerbaijan;AZE;7;2015AZE;9622.741;2015;72.3;5.146774769;2.167163086;46.52453921;1.61;14853.91055
54;Kyrgyzstan;KGZ;7;2015KGZ;5959.126;2015;70.9;4.905375957;1.736587192;46.26285961;1.61;4805.141092
55;Slovakia;SVK;7;2015SVK;5435.614;2015;76.8;6.162004471;4.145402606;46.24839464;1.61;28767.60276
56;Poland;POL;7;2015POL;38034.076;2015;77.9;6.007021904;4.115993292;46.22308935;1.61;27885.80961
57;Serbia;SRB;7;2015SRB;8876.777;2015;75.3;5.317685127;2.855840383;46.18605787;1.61;15627.94862
58;Turkey;TUR;4;2015TUR;78529.413;2015;76.5;5.514465332;3.281165573;46.16614895;1.61;26041.52835
59;Greece;GRC;3;2015GRC;10659.737;2015;81.5;5.622519016;4.164361203;46.06999201;1.61;28678.88087
60;Paraguay;PRY;1;2015PRY;6688.746;2015;73.7;5.559724331;2.966967429;46.02595075;1.61;11810.42797
61;Venezuela;VEN;1;2015VEN;30081.827;2015;72.6;5.568800449;2.838176968;45.93564945;1.61;
62;Lebanon;LBN;4;2015LBN;6532.681;2015;78.8;5.171971321;3.406617642;44.96997611;1.61;16299.21525
63;Egypt;EGY;4;2015EGY;92442.549;2015;71.3;4.762538433;1.875143286;44.82085516;1.61;10570.44546
64;Mauritius;MUS;5;2015MUS;1259.457;2015;74.5;5.628891706;3.444039124;44.73934336;1.61;19897.4754
65;Belgium;BEL;3;2015BEL;11287.931;2015;81;6.904219151;6.245225383;44.62783153;1.61;49613.3651
66;Bolivia;BOL;1;2015BOL;10869.732;2015;70.3;5.834329128;3.124304343;44.48356829;1.61;7984.413455
67;Senegal;SEN;5;2015SEN;14578.45;2015;66.7;4.61700058;1.152577572;44.45649306;1.61;2966.453516
68;Czech Republic;CZE;7;2015CZE;10601.39;2015;78.7;6.608017445;5.504941053;44.39500336;1.61;36283.91103
69;Denmark;DNK;3;2015DNK;5688.695;2015;80.5;7.514424801;7.145140815;44.20832842;1.61;53061.54437
70;India;IND;6;2015IND;1310152.392;2015;68.6;4.342079163;1.132968675;44.10126332;1.61;5454.347104
71;Hungary;HUN;7;2015HUN;9777.925;2015;76;5.34438324;3.44843684;44.02126767;1.61;27587.13548
72;Armenia;ARM;7;2015ARM;2925.559;2015;74.5;4.34831953;1.937085317;43.89880496;1.61;11321.35576
73;Singapore;SGP;8;2015SGP;5592.143;2015;82.9;6.619524956;6.4393368;43.65209629;1.61;89366.30789
74;Bosnia and Herzegovina;BIH;7;2015BIH;3429.362;2015;76.9;5.117177963;3.362356835;43.60700492;1.61;12671.00801
75;Portugal;PRT;3;2015PRT;10368.346;2015;81.2;5.080866337;3.94438521;43.53658371;1.61;31218.13566
76;Ethiopia;ETH;5;2015ETH;100835.453;2015;65;4.573154926;1.059856419;43.36953047;1.61;1779.084023
77;Slovenia;SVN;7;2015SVN;2071.199;2015;80.7;5.740642071;4.869947718;43.36917874;1.61;33912.92825
78;Zambia;ZMB;5;2015ZMB;15879.37;2015;61.7;4.843164444;0.932807649;43.26301794;1.61;3443.555206
79;Croatia;HRV;7;2015HRV;4232.874;2015;77.9;5.205438137;3.739903864;43.12976486;1.61;24640.85097
80;China;CHN;8;2015CHN;1406847.868;2015;75.9;5.303877831;3.613343562;42.9910151;1.61;12691.82155
81;North Macedonia;MKD;7;2015MKD;2079.335;2015;75.4;4.975589752;3.157434727;42.68560487;1.61;15121.12307
82;Iraq;IRQ;4;2015IRQ;35572.269;2015;69.9;4.493377209;1.771564034;42.56272307;1.61;10310.68002
83;Congo (Brazzaville);COG;5;2015COG;4856.093;2015;63.1;4.690830231;1.079378685;42.54468175;1.61;5252.154163
84;Belarus;BLR;7;2015BLR;9439.424;2015;73.7;5.718907833;4.003956383;42.31306114;1.61;18307.51967
85;Canada;CAN;2;2015CAN;36026.668;2015;82;7.412772655;7.921993139;42.20680019;1.61;47629.51205
86;Cambodia;KHM;8;2015KHM;15521.435;2015;68.6;4.162164688;1.281823523;41.98964735;1.61;3543.703553
87;Montenegro;MNE;7;2015MNE;626.957;2015;76.5;5.124921322;3.712395724;41.89296266;1.61;18321.89756
88;Kenya;KEN;5;2015KEN;47878.339;2015;64.8;4.357617855;1.057958759;41.76008859;1.61;3824.759543
89;Iran;IRN;4;2015IRN;78492.208;2015;75.8;4.749955654;3.200017713;41.36126242;1.61;12698.10807
90;Libya;LBY;4;2015LBY;6418.315;2015;72.1;5.615404606;3.88207529;41.19857575;1.61;11022.42921
91;Georgia;GEO;7;2015GEO;4024.18;2015;73;4.121940613;1.964982486;41.19047581;1.61;12605.14007
92;South Korea;KOR;8;2015KOR;50823.087;2015;82.1;5.780211449;5.797080901;41.0529808;1.61;38974.0041
93;Bulgaria;BGR;7;2015BGR;7199.739;2015;74.6;4.865401268;3.40871584;40.43299082;1.61;19682.79943
94;Afghanistan;AFG;6;2015AFG;34413.603;2015;63.4;3.982854605;0.705662883;40.10080812;1.61;2068.265904
95;Rwanda;RWA;5;2015RWA;11369.066;2015;67.5;3.483108997;0.686465198;39.61006104;1.61;1889.157275
96;Cameroon;CMR;5;2015CMR;23298.376;2015;57.6;5.037964821;1.286020207;39.17658912;1.61;3458.6939
97;Saudi Arabia;SAU;4;2015SAU;31717.676;2015;74.7;6.345491886;5.990331797;39.01627851;1.61;48921.22913
98;Myanmar;MMR;8;2015MMR;52680.724;2015;65.8;4.223846436;1.647427119;38.54776205;1.61;4268.500515
99;Mozambique;MOZ;5;2015MOZ;27042.001;2015;57.2;4.549767494;0.794238931;38.48049333;1.61;1262.613081
100;Uganda;UGA;5;2015UGA;38225.447;2015;61.4;4.237686634;1.075465705;38.30611876;1.61;2054.090126
101;Russia;RUS;7;2015RUS;144985.059;2015;71.5;5.995538712;5.178031955;38.06952237;1.61;25566.28763
102;Burkina Faso;BFA;5;2015BFA;18110.616;2015;59.9;4.418930054;1.171624216;37.83133399;1.61;1925.331225
103;Lithuania;LTU;7;2015LTU;2931.872;2015;74.9;5.711378098;5.461260085;37.75359151;1.61;30846.43781
104;Ukraine;UKR;7;2015UKR;44921.636;2015;71.5;3.964542866;2.278177551;37.73761847;1.61;11237.07446
105;United States of America;USA;2;2015USA;320878.312;2015;78.9;6.863946915;8.068903862;37.71290626;1.61;58509.58354
106;Madagascar;MDG;5;2015MDG;24234.08;2015;65.5;3.592514038;0.927791747;37.70188054;1.61;1546.766536
107;Malawi;MWI;5;2015MWI;16745.305;2015;62;3.86763835;0.851668057;37.48073827;1.61;1027.229606
108;Gabon;GAB;5;2015GAB;1947.69;2015;64.9;4.66101265;2.395218511;37.21436962;1.61;15510.0708
109;Namibia;NAM;5;2015NAM;2314.901;2015;62.1;4.529762904;1.825591307;37.0056706;1.61;10487.50002
110;Haiti;HTI;1;2015HTI;10695.54;2015;62.5;3.569762468;0.648546238;36.87488828;1.61;2941.815531
111;Bahrain;BHR;4;2015BHR;1371.853;2015;76.8;6.00737524;6.687148581;36.54810202;1.61;48110.80433
112;Latvia;LVA;7;2015LVA;1997.675;2015;74.7;5.880597591;6.16647606;36.31080676;1.61;26706.26276
113;Congo (Kinshasa);COD;5;2015COD;76244.532;2015;59.3;3.902741671;0.808555575;35.94450865;1.61;1065.24241
114;Nigeria;NGA;5;2015NGA;181137.454;2015;53.1;4.932914734;1.089426287;35.8888557;1.61;5514.770455
115;Sierra Leone;SLE;5;2015SLE;7171.909;2015;52.9;4.908617973;1.052693655;35.76663953;1.61;1551.822009
116;Kazakhstan;KAZ;7;2015KAZ;17572.01;2015;71.3;5.949995041;5.882587608;35.56350402;1.61;24290.41763
117;Mali;MLI;5;2015MLI;17438.772;2015;57.5;4.582098484;1.479868195;35.53292792;1.61;2139.735561
118;Bhutan;BTN;6;2015BTN;727.885;2015;70.4;5.082128525;4.476071522;35.20787353;1.61;10086.19751
119;Yemen;YEM;4;2015YEM;26497.881;2015;66.1;2.982673883;0.708112521;34.866719;1.61;
120;Cote d'Ivoire;CIV;5;2015CIV;23226.148;2015;56.1;4.445038795;1.234552189;34.81490026;1.61;4417.151166
121;Tanzania;TZA;5;2015TZA;51482.638;2015;63.1;3.660597324;1.354596322;34.48131845;1.61;2354.139221
122;Estonia;EST;7;2015EST;1315.33;2015;77.8;5.628908634;7.027994729;34.42629032;1.61;31246.23394
123;Togo;TGO;5;2015TGO;7323.162;2015;59.9;3.768301964;1.078348985;34.23152633;1.61;1447.229049
124;Turkmenistan;TKM;7;2015TKM;5565.283;2015;67.7;5.791460037;5.399333895;34.19830863;1.61;12993.52247
125;Zimbabwe;ZWE;5;2015ZWE;13814.642;2015;59.5;3.70319128;1.059412767;33.6325062;1.61;2958.209004
126;Ghana;GHA;5;2015GHA;27849.203;2015;62.8;3.985916138;2.001901143;33.53668329;1.61;4670.431623
127;South Africa;ZAF;5;2015ZAF;55386.369;2015;62.6;4.887325764;3.302355293;33.46703325;1.61;12840.0354
128;Botswana;BWA;5;2015BWA;2120.716;2015;67.3;3.761964798;2.495548601;33.07775983;1.61;16714.39782
129;Mauritania;MRT;5;2015MRT;4046.304;2015;63.9;3.922664165;2.268294251;32.82463887;1.61;5127.436084
130;Benin;BEN;5;2015BEN;10575.962;2015;60.6;3.624664307;1.329072738;32.71230513;1.61;2945.973006
131;United Arab Emirates;ARE;4;2015ARE;9262.896;2015;77.3;6.568397522;9.535821061;32.35232144;1.61;65218.79227
132;Burundi;BDI;5;2015BDI;10160.034;2015;60.1;3.122222066;0.631616718;32.24339336;1.61;825.2059856
133;Kuwait;KWT;4;2015KWT;3835.588;2015;75.1;6.146031857;8.436236055;31.98476069;1.61;54834.25119
134;Niger;NER;5;2015NER;20001.663;2015;60.6;3.671453714;1.633603934;31.74591484;1.61;1132.331205
135;Guinea;GIN;5;2015GIN;11432.096;2015;59.6;3.504693508;1.560901579;30.41397624;1.61;2087.784046
136;Chad;TCD;5;2015TCD;14110.971;2015;53.1;4.322675228;1.725248801;29.95960257;1.61;1857.107337
137;Luxembourg;LUX;3;2015LUX;566.741;2015;81.6;6.701571465;12.75793434;29.01207818;1.61;110798.7362
138;Liberia;LBR;5;2015LBR;4472.229;2015;62.3;2.701591253;1.17641039;28.5885113;1.61;1580.478874
139;Mongolia;MNG;8;2015MNG;2998.433;2015;69.1;4.982719898;7.323417564;26.91293083;1.61;11022.95648
140;Qatar;QAT;4;2015QAT;2565.708;2015;79.8;6.374529362;14.58434634;24.87044297;1.61;95965.17643
;Central African Republic;CAF;5;2015CAF;4493.171;2015;50.9;;1.133873961;;1.61;852.7494264
;Comoros;COM;5;2015COM;777.435;2015;63.5;;0.988838745;;1.61;2959.539971
;Eswatini;SWZ;5;2015SWZ;1104.038;2015;55.4;;1.980561544;;1.61;8304.613326
;Hong Kong;HKG;8;2015HKG;7185.992;2015;84;5.478235722;;;1.61;57215.9704
;Iceland;ISL;3;2015ISL;330.237;2015;82.5;7.498070717;;;1.61;51471.02158
;Laos;LAO;8;2015LAO;6741.16;2015;66.5;;1.74692341;;1.61;6543.666806
;Lesotho;LSO;5;2015LSO;2059.011;2015;51;;1.243638624;;1.61;2727.120651
;Sudan;SDN;5;2015SDN;38902.948;2015;64.4;;1.306620824;;1.61;4191.823461
;Taiwan;TWN;8;2015TWN;23557.473;2015;79.7495;6.450088024;;;1.61;
;Trinidad and Tobago;TTO;1;2015TTO;1370.332;2015;72.9;;7.110527688;;1.61;29182.57065
;Uruguay;URY;1;2015URY;3412.013;2015;77.4;6.628080368;;;1.61;20588.39312
;Vanuatu;VUT;8;2015VUT;271.128;2015;69.9;6.631873439;;;1.61;3037.784742
